# R@lle 3D Logo
mtllib ralle_logo.mtl
o ralle_logo

v -1.600000 -0.307481 0.180000
v -1.600000 0.542221 0.180000
v -1.238906 0.542221 0.180000
v -1.206018 0.541863 0.180000
v -1.175457 0.540790 0.180000
v -1.147224 0.539001 0.180000
v -1.121319 0.536497 0.180000
v -1.097740 0.533277 0.180000
v -1.076490 0.529343 0.180000
v -1.057567 0.524692 0.180000
v -1.040971 0.519326 0.180000
v -1.011646 0.505651 0.180000
v -0.985401 0.487520 0.180000
v -0.962235 0.464934 0.180000
v -0.942148 0.437892 0.180000
v -0.925919 0.407571 0.180000
v -0.914327 0.375149 0.180000
v -0.907372 0.340627 0.180000
v -0.905053 0.304003 0.180000
v -0.908567 0.258268 0.180000
v -0.919109 0.216700 0.180000
v -0.936678 0.179297 0.180000
v -0.961275 0.146060 0.180000
v -0.992864 0.117787 0.180000
v -1.031407 0.095273 0.180000
v -1.076906 0.078518 0.180000
v -1.129361 0.067524 0.180000
v -1.102753 0.050897 0.180000
v -1.078573 0.033472 0.180000
v -1.056819 0.015251 0.180000
v -1.037493 -0.003767 0.180000
v -1.017805 -0.026952 0.180000
v -0.994965 -0.057671 0.180000
v -0.968973 -0.095925 0.180000
v -0.939830 -0.141713 0.180000
v -0.836080 -0.307481 0.180000
v -1.041261 -0.307481 0.180000
v -1.165296 -0.122586 0.180000
v -1.181163 -0.098954 0.180000
v -1.195725 -0.077613 0.180000
v -1.208984 -0.058563 0.180000
v -1.220938 -0.041804 0.180000
v -1.231588 -0.027337 0.180000
v -1.240935 -0.015160 0.180000
v -1.248977 -0.005275 0.180000
v -1.255715 0.002318 0.180000
v -1.280782 0.024054 0.180000
v -1.307299 0.037674 0.180000
v -1.322913 0.041858 0.180000
v -1.342510 0.044847 0.180000
v -1.366093 0.046640 0.180000
v -1.393661 0.047238 0.180000
v -1.428437 0.047238 0.180000
v -1.428437 -0.307481 0.180000
v -1.428437 0.182865 0.180000
v -1.301503 0.182865 0.180000
v -1.272088 0.183028 0.180000
v -1.245571 0.183517 0.180000
v -1.221953 0.184333 0.180000
v -1.201232 0.185474 0.180000
v -1.183409 0.186941 0.180000
v -1.168484 0.188734 0.180000
v -1.156457 0.190853 0.180000
v -1.147328 0.193298 0.180000
v -1.132802 0.199457 0.180000
v -1.119942 0.207499 0.180000
v -1.108748 0.217424 0.180000
v -1.099221 0.229234 0.180000
v -1.091614 0.242782 0.180000
v -1.086180 0.257924 0.180000
v -1.082920 0.274660 0.180000
v -1.081833 0.292990 0.180000
v -1.083264 0.313403 0.180000
v -1.087557 0.331751 0.180000
v -1.094711 0.348035 0.180000
v -1.104727 0.362253 0.180000
v -1.117352 0.374226 0.180000
v -1.132331 0.383771 0.180000
v -1.149665 0.390889 0.180000
v -1.169353 0.395581 0.180000
v -1.175874 0.396260 0.180000
v -1.185003 0.396848 0.180000
v -1.196740 0.397346 0.180000
v -1.211085 0.397754 0.180000
v -1.228038 0.398071 0.180000
v -1.247600 0.398297 0.180000
v -1.269770 0.398433 0.180000
v -1.294548 0.398479 0.180000
v -1.428437 0.398479 0.180000
v -1.600000 -0.307481 -0.180000
v -1.600000 0.542221 -0.180000
v -1.238906 0.542221 -0.180000
v -1.206018 0.541863 -0.180000
v -1.175457 0.540790 -0.180000
v -1.147224 0.539001 -0.180000
v -1.121319 0.536497 -0.180000
v -1.097740 0.533277 -0.180000
v -1.076490 0.529343 -0.180000
v -1.057567 0.524692 -0.180000
v -1.040971 0.519326 -0.180000
v -1.011646 0.505651 -0.180000
v -0.985401 0.487520 -0.180000
v -0.962235 0.464934 -0.180000
v -0.942148 0.437892 -0.180000
v -0.925919 0.407571 -0.180000
v -0.914327 0.375149 -0.180000
v -0.907372 0.340627 -0.180000
v -0.905053 0.304003 -0.180000
v -0.908567 0.258268 -0.180000
v -0.919109 0.216700 -0.180000
v -0.936678 0.179297 -0.180000
v -0.961275 0.146060 -0.180000
v -0.992864 0.117787 -0.180000
v -1.031407 0.095273 -0.180000
v -1.076906 0.078518 -0.180000
v -1.129361 0.067524 -0.180000
v -1.102753 0.050897 -0.180000
v -1.078573 0.033472 -0.180000
v -1.056819 0.015251 -0.180000
v -1.037493 -0.003767 -0.180000
v -1.017805 -0.026952 -0.180000
v -0.994965 -0.057671 -0.180000
v -0.968973 -0.095925 -0.180000
v -0.939830 -0.141713 -0.180000
v -0.836080 -0.307481 -0.180000
v -1.041261 -0.307481 -0.180000
v -1.165296 -0.122586 -0.180000
v -1.181163 -0.098954 -0.180000
v -1.195725 -0.077613 -0.180000
v -1.208984 -0.058563 -0.180000
v -1.220938 -0.041804 -0.180000
v -1.231588 -0.027337 -0.180000
v -1.240935 -0.015160 -0.180000
v -1.248977 -0.005275 -0.180000
v -1.255715 0.002318 -0.180000
v -1.280782 0.024054 -0.180000
v -1.307299 0.037674 -0.180000
v -1.322913 0.041858 -0.180000
v -1.342510 0.044847 -0.180000
v -1.366093 0.046640 -0.180000
v -1.393661 0.047238 -0.180000
v -1.428437 0.047238 -0.180000
v -1.428437 -0.307481 -0.180000
v -1.428437 0.182865 -0.180000
v -1.301503 0.182865 -0.180000
v -1.272088 0.183028 -0.180000
v -1.245571 0.183517 -0.180000
v -1.221953 0.184333 -0.180000
v -1.201232 0.185474 -0.180000
v -1.183409 0.186941 -0.180000
v -1.168484 0.188734 -0.180000
v -1.156457 0.190853 -0.180000
v -1.147328 0.193298 -0.180000
v -1.132802 0.199457 -0.180000
v -1.119942 0.207499 -0.180000
v -1.108748 0.217424 -0.180000
v -1.099221 0.229234 -0.180000
v -1.091614 0.242782 -0.180000
v -1.086180 0.257924 -0.180000
v -1.082920 0.274660 -0.180000
v -1.081833 0.292990 -0.180000
v -1.083264 0.313403 -0.180000
v -1.087557 0.331751 -0.180000
v -1.094711 0.348035 -0.180000
v -1.104727 0.362253 -0.180000
v -1.117352 0.374226 -0.180000
v -1.132331 0.383771 -0.180000
v -1.149665 0.390889 -0.180000
v -1.169353 0.395581 -0.180000
v -1.175874 0.396260 -0.180000
v -1.185003 0.396848 -0.180000
v -1.196740 0.397346 -0.180000
v -1.211085 0.397754 -0.180000
v -1.228038 0.398071 -0.180000
v -1.247600 0.398297 -0.180000
v -1.269770 0.398433 -0.180000
v -1.294548 0.398479 -0.180000
v -1.428437 0.398479 -0.180000
v -1.600000 -0.307481 0.180000
v -1.600000 0.542221 0.180000
v -1.600000 0.542221 -0.180000
v -1.600000 -0.307481 -0.180000
v -1.600000 0.542221 0.180000
v -1.238906 0.542221 0.180000
v -1.238906 0.542221 -0.180000
v -1.600000 0.542221 -0.180000
v -1.238906 0.542221 0.180000
v -1.206018 0.541863 0.180000
v -1.206018 0.541863 -0.180000
v -1.238906 0.542221 -0.180000
v -1.206018 0.541863 0.180000
v -1.175457 0.540790 0.180000
v -1.175457 0.540790 -0.180000
v -1.206018 0.541863 -0.180000
v -1.175457 0.540790 0.180000
v -1.147224 0.539001 0.180000
v -1.147224 0.539001 -0.180000
v -1.175457 0.540790 -0.180000
v -1.147224 0.539001 0.180000
v -1.121319 0.536497 0.180000
v -1.121319 0.536497 -0.180000
v -1.147224 0.539001 -0.180000
v -1.121319 0.536497 0.180000
v -1.097740 0.533277 0.180000
v -1.097740 0.533277 -0.180000
v -1.121319 0.536497 -0.180000
v -1.097740 0.533277 0.180000
v -1.076490 0.529343 0.180000
v -1.076490 0.529343 -0.180000
v -1.097740 0.533277 -0.180000
v -1.076490 0.529343 0.180000
v -1.057567 0.524692 0.180000
v -1.057567 0.524692 -0.180000
v -1.076490 0.529343 -0.180000
v -1.057567 0.524692 0.180000
v -1.040971 0.519326 0.180000
v -1.040971 0.519326 -0.180000
v -1.057567 0.524692 -0.180000
v -1.040971 0.519326 0.180000
v -1.011646 0.505651 0.180000
v -1.011646 0.505651 -0.180000
v -1.040971 0.519326 -0.180000
v -1.011646 0.505651 0.180000
v -0.985401 0.487520 0.180000
v -0.985401 0.487520 -0.180000
v -1.011646 0.505651 -0.180000
v -0.985401 0.487520 0.180000
v -0.962235 0.464934 0.180000
v -0.962235 0.464934 -0.180000
v -0.985401 0.487520 -0.180000
v -0.962235 0.464934 0.180000
v -0.942148 0.437892 0.180000
v -0.942148 0.437892 -0.180000
v -0.962235 0.464934 -0.180000
v -0.942148 0.437892 0.180000
v -0.925919 0.407571 0.180000
v -0.925919 0.407571 -0.180000
v -0.942148 0.437892 -0.180000
v -0.925919 0.407571 0.180000
v -0.914327 0.375149 0.180000
v -0.914327 0.375149 -0.180000
v -0.925919 0.407571 -0.180000
v -0.914327 0.375149 0.180000
v -0.907372 0.340627 0.180000
v -0.907372 0.340627 -0.180000
v -0.914327 0.375149 -0.180000
v -0.907372 0.340627 0.180000
v -0.905053 0.304003 0.180000
v -0.905053 0.304003 -0.180000
v -0.907372 0.340627 -0.180000
v -0.905053 0.304003 0.180000
v -0.908567 0.258268 0.180000
v -0.908567 0.258268 -0.180000
v -0.905053 0.304003 -0.180000
v -0.908567 0.258268 0.180000
v -0.919109 0.216700 0.180000
v -0.919109 0.216700 -0.180000
v -0.908567 0.258268 -0.180000
v -0.919109 0.216700 0.180000
v -0.936678 0.179297 0.180000
v -0.936678 0.179297 -0.180000
v -0.919109 0.216700 -0.180000
v -0.936678 0.179297 0.180000
v -0.961275 0.146060 0.180000
v -0.961275 0.146060 -0.180000
v -0.936678 0.179297 -0.180000
v -0.961275 0.146060 0.180000
v -0.992864 0.117787 0.180000
v -0.992864 0.117787 -0.180000
v -0.961275 0.146060 -0.180000
v -0.992864 0.117787 0.180000
v -1.031407 0.095273 0.180000
v -1.031407 0.095273 -0.180000
v -0.992864 0.117787 -0.180000
v -1.031407 0.095273 0.180000
v -1.076906 0.078518 0.180000
v -1.076906 0.078518 -0.180000
v -1.031407 0.095273 -0.180000
v -1.076906 0.078518 0.180000
v -1.129361 0.067524 0.180000
v -1.129361 0.067524 -0.180000
v -1.076906 0.078518 -0.180000
v -1.129361 0.067524 0.180000
v -1.102753 0.050897 0.180000
v -1.102753 0.050897 -0.180000
v -1.129361 0.067524 -0.180000
v -1.102753 0.050897 0.180000
v -1.078573 0.033472 0.180000
v -1.078573 0.033472 -0.180000
v -1.102753 0.050897 -0.180000
v -1.078573 0.033472 0.180000
v -1.056819 0.015251 0.180000
v -1.056819 0.015251 -0.180000
v -1.078573 0.033472 -0.180000
v -1.056819 0.015251 0.180000
v -1.037493 -0.003767 0.180000
v -1.037493 -0.003767 -0.180000
v -1.056819 0.015251 -0.180000
v -1.037493 -0.003767 0.180000
v -1.017805 -0.026952 0.180000
v -1.017805 -0.026952 -0.180000
v -1.037493 -0.003767 -0.180000
v -1.017805 -0.026952 0.180000
v -0.994965 -0.057671 0.180000
v -0.994965 -0.057671 -0.180000
v -1.017805 -0.026952 -0.180000
v -0.994965 -0.057671 0.180000
v -0.968973 -0.095925 0.180000
v -0.968973 -0.095925 -0.180000
v -0.994965 -0.057671 -0.180000
v -0.968973 -0.095925 0.180000
v -0.939830 -0.141713 0.180000
v -0.939830 -0.141713 -0.180000
v -0.968973 -0.095925 -0.180000
v -0.939830 -0.141713 0.180000
v -0.836080 -0.307481 0.180000
v -0.836080 -0.307481 -0.180000
v -0.939830 -0.141713 -0.180000
v -0.836080 -0.307481 0.180000
v -1.041261 -0.307481 0.180000
v -1.041261 -0.307481 -0.180000
v -0.836080 -0.307481 -0.180000
v -1.041261 -0.307481 0.180000
v -1.165296 -0.122586 0.180000
v -1.165296 -0.122586 -0.180000
v -1.041261 -0.307481 -0.180000
v -1.165296 -0.122586 0.180000
v -1.181163 -0.098954 0.180000
v -1.181163 -0.098954 -0.180000
v -1.165296 -0.122586 -0.180000
v -1.181163 -0.098954 0.180000
v -1.195725 -0.077613 0.180000
v -1.195725 -0.077613 -0.180000
v -1.181163 -0.098954 -0.180000
v -1.195725 -0.077613 0.180000
v -1.208984 -0.058563 0.180000
v -1.208984 -0.058563 -0.180000
v -1.195725 -0.077613 -0.180000
v -1.208984 -0.058563 0.180000
v -1.220938 -0.041804 0.180000
v -1.220938 -0.041804 -0.180000
v -1.208984 -0.058563 -0.180000
v -1.220938 -0.041804 0.180000
v -1.231588 -0.027337 0.180000
v -1.231588 -0.027337 -0.180000
v -1.220938 -0.041804 -0.180000
v -1.231588 -0.027337 0.180000
v -1.240935 -0.015160 0.180000
v -1.240935 -0.015160 -0.180000
v -1.231588 -0.027337 -0.180000
v -1.240935 -0.015160 0.180000
v -1.248977 -0.005275 0.180000
v -1.248977 -0.005275 -0.180000
v -1.240935 -0.015160 -0.180000
v -1.248977 -0.005275 0.180000
v -1.255715 0.002318 0.180000
v -1.255715 0.002318 -0.180000
v -1.248977 -0.005275 -0.180000
v -1.255715 0.002318 0.180000
v -1.280782 0.024054 0.180000
v -1.280782 0.024054 -0.180000
v -1.255715 0.002318 -0.180000
v -1.280782 0.024054 0.180000
v -1.307299 0.037674 0.180000
v -1.307299 0.037674 -0.180000
v -1.280782 0.024054 -0.180000
v -1.307299 0.037674 0.180000
v -1.322913 0.041858 0.180000
v -1.322913 0.041858 -0.180000
v -1.307299 0.037674 -0.180000
v -1.322913 0.041858 0.180000
v -1.342510 0.044847 0.180000
v -1.342510 0.044847 -0.180000
v -1.322913 0.041858 -0.180000
v -1.342510 0.044847 0.180000
v -1.366093 0.046640 0.180000
v -1.366093 0.046640 -0.180000
v -1.342510 0.044847 -0.180000
v -1.366093 0.046640 0.180000
v -1.393661 0.047238 0.180000
v -1.393661 0.047238 -0.180000
v -1.366093 0.046640 -0.180000
v -1.393661 0.047238 0.180000
v -1.428437 0.047238 0.180000
v -1.428437 0.047238 -0.180000
v -1.393661 0.047238 -0.180000
v -1.428437 0.047238 0.180000
v -1.428437 -0.307481 0.180000
v -1.428437 -0.307481 -0.180000
v -1.428437 0.047238 -0.180000
v -1.428437 -0.307481 0.180000
v -1.600000 -0.307481 0.180000
v -1.600000 -0.307481 -0.180000
v -1.428437 -0.307481 -0.180000
v -1.428437 0.182865 0.180000
v -1.301503 0.182865 0.180000
v -1.301503 0.182865 -0.180000
v -1.428437 0.182865 -0.180000
v -1.301503 0.182865 0.180000
v -1.272088 0.183028 0.180000
v -1.272088 0.183028 -0.180000
v -1.301503 0.182865 -0.180000
v -1.272088 0.183028 0.180000
v -1.245571 0.183517 0.180000
v -1.245571 0.183517 -0.180000
v -1.272088 0.183028 -0.180000
v -1.245571 0.183517 0.180000
v -1.221953 0.184333 0.180000
v -1.221953 0.184333 -0.180000
v -1.245571 0.183517 -0.180000
v -1.221953 0.184333 0.180000
v -1.201232 0.185474 0.180000
v -1.201232 0.185474 -0.180000
v -1.221953 0.184333 -0.180000
v -1.201232 0.185474 0.180000
v -1.183409 0.186941 0.180000
v -1.183409 0.186941 -0.180000
v -1.201232 0.185474 -0.180000
v -1.183409 0.186941 0.180000
v -1.168484 0.188734 0.180000
v -1.168484 0.188734 -0.180000
v -1.183409 0.186941 -0.180000
v -1.168484 0.188734 0.180000
v -1.156457 0.190853 0.180000
v -1.156457 0.190853 -0.180000
v -1.168484 0.188734 -0.180000
v -1.156457 0.190853 0.180000
v -1.147328 0.193298 0.180000
v -1.147328 0.193298 -0.180000
v -1.156457 0.190853 -0.180000
v -1.147328 0.193298 0.180000
v -1.132802 0.199457 0.180000
v -1.132802 0.199457 -0.180000
v -1.147328 0.193298 -0.180000
v -1.132802 0.199457 0.180000
v -1.119942 0.207499 0.180000
v -1.119942 0.207499 -0.180000
v -1.132802 0.199457 -0.180000
v -1.119942 0.207499 0.180000
v -1.108748 0.217424 0.180000
v -1.108748 0.217424 -0.180000
v -1.119942 0.207499 -0.180000
v -1.108748 0.217424 0.180000
v -1.099221 0.229234 0.180000
v -1.099221 0.229234 -0.180000
v -1.108748 0.217424 -0.180000
v -1.099221 0.229234 0.180000
v -1.091614 0.242782 0.180000
v -1.091614 0.242782 -0.180000
v -1.099221 0.229234 -0.180000
v -1.091614 0.242782 0.180000
v -1.086180 0.257924 0.180000
v -1.086180 0.257924 -0.180000
v -1.091614 0.242782 -0.180000
v -1.086180 0.257924 0.180000
v -1.082920 0.274660 0.180000
v -1.082920 0.274660 -0.180000
v -1.086180 0.257924 -0.180000
v -1.082920 0.274660 0.180000
v -1.081833 0.292990 0.180000
v -1.081833 0.292990 -0.180000
v -1.082920 0.274660 -0.180000
v -1.081833 0.292990 0.180000
v -1.083264 0.313403 0.180000
v -1.083264 0.313403 -0.180000
v -1.081833 0.292990 -0.180000
v -1.083264 0.313403 0.180000
v -1.087557 0.331751 0.180000
v -1.087557 0.331751 -0.180000
v -1.083264 0.313403 -0.180000
v -1.087557 0.331751 0.180000
v -1.094711 0.348035 0.180000
v -1.094711 0.348035 -0.180000
v -1.087557 0.331751 -0.180000
v -1.094711 0.348035 0.180000
v -1.104727 0.362253 0.180000
v -1.104727 0.362253 -0.180000
v -1.094711 0.348035 -0.180000
v -1.104727 0.362253 0.180000
v -1.117352 0.374226 0.180000
v -1.117352 0.374226 -0.180000
v -1.104727 0.362253 -0.180000
v -1.117352 0.374226 0.180000
v -1.132331 0.383771 0.180000
v -1.132331 0.383771 -0.180000
v -1.117352 0.374226 -0.180000
v -1.132331 0.383771 0.180000
v -1.149665 0.390889 0.180000
v -1.149665 0.390889 -0.180000
v -1.132331 0.383771 -0.180000
v -1.149665 0.390889 0.180000
v -1.169353 0.395581 0.180000
v -1.169353 0.395581 -0.180000
v -1.149665 0.390889 -0.180000
v -1.169353 0.395581 0.180000
v -1.175874 0.396260 0.180000
v -1.175874 0.396260 -0.180000
v -1.169353 0.395581 -0.180000
v -1.175874 0.396260 0.180000
v -1.185003 0.396848 0.180000
v -1.185003 0.396848 -0.180000
v -1.175874 0.396260 -0.180000
v -1.185003 0.396848 0.180000
v -1.196740 0.397346 0.180000
v -1.196740 0.397346 -0.180000
v -1.185003 0.396848 -0.180000
v -1.196740 0.397346 0.180000
v -1.211085 0.397754 0.180000
v -1.211085 0.397754 -0.180000
v -1.196740 0.397346 -0.180000
v -1.211085 0.397754 0.180000
v -1.228038 0.398071 0.180000
v -1.228038 0.398071 -0.180000
v -1.211085 0.397754 -0.180000
v -1.228038 0.398071 0.180000
v -1.247600 0.398297 0.180000
v -1.247600 0.398297 -0.180000
v -1.228038 0.398071 -0.180000
v -1.247600 0.398297 0.180000
v -1.269770 0.398433 0.180000
v -1.269770 0.398433 -0.180000
v -1.247600 0.398297 -0.180000
v -1.269770 0.398433 0.180000
v -1.294548 0.398479 0.180000
v -1.294548 0.398479 -0.180000
v -1.269770 0.398433 -0.180000
v -1.294548 0.398479 0.180000
v -1.428437 0.398479 0.180000
v -1.428437 0.398479 -0.180000
v -1.294548 0.398479 -0.180000
v -1.428437 0.398479 0.180000
v -1.428437 0.182865 0.180000
v -1.428437 0.182865 -0.180000
v -1.428437 0.398479 -0.180000
v 0.200254 -0.296468 0.180000
v 0.323709 -0.296468 0.180000
v 0.308250 -0.325086 0.180000
v 0.290853 -0.352110 0.180000
v 0.271518 -0.377540 0.180000
v 0.250245 -0.401377 0.180000
v 0.227033 -0.423619 0.180000
v 0.201884 -0.444267 0.180000
v 0.174796 -0.463322 0.180000
v 0.145771 -0.480782 0.180000
v 0.110487 -0.498714 0.180000
v 0.073320 -0.514255 0.180000
v 0.034269 -0.527404 0.180000
v -0.006665 -0.538163 0.180000
v -0.049484 -0.546531 0.180000
v -0.094186 -0.552509 0.180000
v -0.140772 -0.556095 0.180000
v -0.189241 -0.557290 0.180000
v -0.236243 -0.556281 0.180000
v -0.281616 -0.553251 0.180000
v -0.325358 -0.548202 0.180000
v -0.367470 -0.541134 0.180000
v -0.407951 -0.532046 0.180000
v -0.446803 -0.520938 0.180000
v -0.484025 -0.507811 0.180000
v -0.519616 -0.492664 0.180000
v -0.553278 -0.475548 0.180000
v -0.584713 -0.456512 0.180000
v -0.613920 -0.435555 0.180000
v -0.640898 -0.412679 0.180000
v -0.665649 -0.387883 0.180000
v -0.688172 -0.361166 0.180000
v -0.708468 -0.332530 0.180000
v -0.726535 -0.301974 0.180000
v -0.756204 -0.237548 0.180000
v -0.777395 -0.170331 0.180000
v -0.790110 -0.100326 0.180000
v -0.794349 -0.027531 0.180000
v -0.793144 0.012837 0.180000
v -0.789531 0.052509 0.180000
v -0.783508 0.091483 0.180000
v -0.775077 0.129759 0.180000
v -0.764237 0.167338 0.180000
v -0.750987 0.204220 0.180000
v -0.735329 0.240405 0.180000
v -0.717261 0.275892 0.180000
v -0.697102 0.309935 0.180000
v -0.675168 0.341786 0.180000
v -0.651458 0.371445 0.180000
v -0.625974 0.398913 0.180000
v -0.598714 0.424189 0.180000
v -0.569679 0.447274 0.180000
v -0.538870 0.468167 0.180000
v -0.506285 0.486868 0.180000
v -0.472215 0.503373 0.180000
v -0.436950 0.517678 0.180000
v -0.400489 0.529782 0.180000
v -0.362833 0.539685 0.180000
v -0.323981 0.547387 0.180000
v -0.283934 0.552889 0.180000
v -0.242692 0.556190 0.180000
v -0.200254 0.557290 0.180000
v -0.129252 0.553740 0.180000
v -0.062308 0.543090 0.180000
v 0.000580 0.525340 0.180000
v 0.059410 0.500489 0.180000
v 0.112860 0.469100 0.180000
v 0.159609 0.431733 0.180000
v 0.199656 0.388390 0.180000
v 0.233001 0.339069 0.180000
v 0.259247 0.285546 0.180000
v 0.277993 0.229596 0.180000
v 0.289241 0.171219 0.180000
v 0.292990 0.110415 0.180000
v 0.291569 0.073909 0.180000
v 0.287303 0.038290 0.180000
v 0.280194 0.003559 0.180000
v 0.270241 -0.030284 0.180000
v 0.257444 -0.063240 0.180000
v 0.241804 -0.095309 0.180000
v 0.223320 -0.126490 0.180000
v 0.201992 -0.156783 0.180000
v 0.172442 -0.192103 0.180000
v 0.140880 -0.222713 0.180000
v 0.107308 -0.248614 0.180000
v 0.071726 -0.269806 0.180000
v 0.034133 -0.286289 0.180000
v -0.005470 -0.298062 0.180000
v -0.047084 -0.305126 0.180000
v -0.090708 -0.307481 0.180000
v -0.113277 -0.306430 0.180000
v -0.132874 -0.303278 0.180000
v -0.149502 -0.298026 0.180000
v -0.163159 -0.290672 0.180000
v -0.174316 -0.281290 0.180000
v -0.183445 -0.269951 0.180000
v -0.190545 -0.256656 0.180000
v -0.195617 -0.241406 0.180000
v -0.231118 -0.270313 0.180000
v -0.269227 -0.290962 0.180000
v -0.309944 -0.303351 0.180000
v -0.353269 -0.307481 0.180000
v -0.399330 -0.303333 0.180000
v -0.441297 -0.290889 0.180000
v -0.479170 -0.270150 0.180000
v -0.512951 -0.241116 0.180000
v -0.527826 -0.223841 0.180000
v -0.540717 -0.205198 0.180000
v -0.551626 -0.185188 0.180000
v -0.560551 -0.163811 0.180000
v -0.567492 -0.141066 0.180000
v -0.572451 -0.116953 0.180000
v -0.575426 -0.091473 0.180000
v -0.576417 -0.064626 0.180000
v -0.575222 -0.030945 0.180000
v -0.571636 0.001992 0.180000
v -0.565658 0.034188 0.180000
v -0.557290 0.065640 0.180000
v -0.546531 0.096350 0.180000
v -0.533382 0.126318 0.180000
v -0.517841 0.155542 0.180000
v -0.499909 0.184025 0.180000
v -0.475910 0.216084 0.180000
v -0.450281 0.243869 0.180000
v -0.423021 0.267379 0.180000
v -0.394131 0.286615 0.180000
v -0.363612 0.301576 0.180000
v -0.331462 0.312262 0.180000
v -0.297682 0.318674 0.180000
v -0.262271 0.320811 0.180000
v -0.237321 0.319580 0.180000
v -0.214055 0.315885 0.180000
v -0.192474 0.309726 0.180000
v -0.172577 0.301105 0.180000
v -0.154365 0.290020 0.180000
v -0.137837 0.276472 0.180000
v -0.122994 0.260460 0.180000
v -0.109835 0.241985 0.180000
v -0.095345 0.306321 0.180000
v 0.057671 0.306321 0.180000
v -0.029850 -0.109256 0.180000
v -0.033400 -0.127223 0.180000
v -0.035936 -0.141713 0.180000
v -0.037457 -0.152726 0.180000
v -0.037964 -0.160261 0.180000
v -0.036298 -0.172940 0.180000
v -0.031299 -0.181996 0.180000
v -0.023981 -0.187430 0.180000
v -0.015360 -0.189241 0.180000
v -0.000435 -0.187140 0.180000
v 0.016519 -0.180837 0.180000
v 0.035501 -0.170331 0.180000
v 0.056512 -0.155624 0.180000
v 0.084659 -0.131715 0.180000
v 0.109980 -0.104039 0.180000
v 0.132476 -0.072596 0.180000
v 0.152146 -0.037385 0.180000
v 0.168122 0.000036 0.180000
v 0.179533 0.038109 0.180000
v 0.186379 0.076834 0.180000
v 0.188661 0.116211 0.180000
v 0.187049 0.151128 0.180000
v 0.182213 0.184586 0.180000
v 0.174153 0.216587 0.180000
v 0.162869 0.247129 0.180000
v 0.148361 0.276214 0.180000
v 0.130629 0.303840 0.180000
v 0.109672 0.330008 0.180000
v 0.085492 0.354718 0.180000
v 0.058422 0.377201 0.180000
v 0.028799 0.396685 0.180000
v -0.003378 0.413172 0.180000
v -0.038109 0.426662 0.180000
v -0.075394 0.437154 0.180000
v -0.115233 0.444648 0.180000
v -0.157625 0.449144 0.180000
v -0.202572 0.450643 0.180000
v -0.241093 0.449642 0.180000
v -0.278120 0.446640 0.180000
v -0.313652 0.441636 0.180000
v -0.347691 0.434631 0.180000
v -0.380235 0.425625 0.180000
v -0.411284 0.414617 0.180000
v -0.440840 0.401607 0.180000
v -0.468901 0.386597 0.180000
v -0.495372 0.369770 0.180000
v -0.520159 0.351313 0.180000
v -0.543262 0.331226 0.180000
v -0.564680 0.309509 0.180000
v -0.584414 0.286162 0.180000
v -0.602463 0.261185 0.180000
v -0.618828 0.234577 0.180000
v -0.633508 0.206339 0.180000
v -0.657725 0.147636 0.180000
v -0.675023 0.087738 0.180000
v -0.685401 0.026644 0.180000
v -0.688861 -0.035646 0.180000
v -0.685003 -0.095417 0.180000
v -0.673429 -0.152436 0.180000
v -0.654139 -0.206702 0.180000
v -0.627133 -0.258214 0.180000
v -0.593153 -0.304963 0.180000
v -0.552943 -0.344938 0.180000
v -0.506502 -0.378138 0.180000
v -0.453831 -0.404564 0.180000
v -0.396033 -0.424724 0.180000
v -0.334215 -0.439123 0.180000
v -0.268375 -0.447763 0.180000
v -0.198515 -0.450643 0.180000
v -0.131679 -0.448234 0.180000
v -0.069698 -0.441007 0.180000
v -0.012570 -0.428962 0.180000
v 0.039703 -0.412099 0.180000
v 0.087122 -0.390418 0.180000
v 0.129687 -0.363920 0.180000
v 0.167397 -0.332603 0.180000
v -0.426300 -0.058250 0.180000
v -0.424434 -0.092628 0.180000
v -0.418837 -0.122152 0.180000
v -0.409509 -0.146821 0.180000
v -0.396450 -0.166636 0.180000
v -0.380638 -0.181851 0.180000
v -0.363050 -0.192719 0.180000
v -0.343688 -0.199239 0.180000
v -0.322550 -0.201413 0.180000
v -0.290527 -0.197356 0.180000
v -0.260533 -0.185184 0.180000
v -0.238652 -0.170259 0.180000
v -0.217062 -0.148669 0.180000
v -0.202228 -0.128962 0.180000
v -0.188444 -0.105198 0.180000
v -0.175711 -0.077377 0.180000
v -0.164028 -0.045499 0.180000
v -0.154266 -0.012172 0.180000
v -0.147292 0.019996 0.180000
v -0.143108 0.051005 0.180000
v -0.141713 0.080855 0.180000
v -0.143615 0.111701 0.180000
v -0.149321 0.138743 0.180000
v -0.158830 0.161982 0.180000
v -0.172143 0.181416 0.180000
v -0.188354 0.196758 0.180000
v -0.206557 0.207716 0.180000
v -0.226752 0.214291 0.180000
v -0.248940 0.216483 0.180000
v -0.273393 0.214074 0.180000
v -0.296903 0.206847 0.180000
v -0.319471 0.194802 0.180000
v -0.341098 0.177939 0.180000
v -0.360949 0.156620 0.180000
v -0.378192 0.131208 0.180000
v -0.392827 0.101703 0.180000
v -0.404854 0.068104 0.180000
v -0.414237 0.033472 0.180000
v -0.420938 0.000869 0.180000
v -0.424959 -0.029705 0.180000
v 0.200254 -0.296468 -0.180000
v 0.323709 -0.296468 -0.180000
v 0.308250 -0.325086 -0.180000
v 0.290853 -0.352110 -0.180000
v 0.271518 -0.377540 -0.180000
v 0.250245 -0.401377 -0.180000
v 0.227033 -0.423619 -0.180000
v 0.201884 -0.444267 -0.180000
v 0.174796 -0.463322 -0.180000
v 0.145771 -0.480782 -0.180000
v 0.110487 -0.498714 -0.180000
v 0.073320 -0.514255 -0.180000
v 0.034269 -0.527404 -0.180000
v -0.006665 -0.538163 -0.180000
v -0.049484 -0.546531 -0.180000
v -0.094186 -0.552509 -0.180000
v -0.140772 -0.556095 -0.180000
v -0.189241 -0.557290 -0.180000
v -0.236243 -0.556281 -0.180000
v -0.281616 -0.553251 -0.180000
v -0.325358 -0.548202 -0.180000
v -0.367470 -0.541134 -0.180000
v -0.407951 -0.532046 -0.180000
v -0.446803 -0.520938 -0.180000
v -0.484025 -0.507811 -0.180000
v -0.519616 -0.492664 -0.180000
v -0.553278 -0.475548 -0.180000
v -0.584713 -0.456512 -0.180000
v -0.613920 -0.435555 -0.180000
v -0.640898 -0.412679 -0.180000
v -0.665649 -0.387883 -0.180000
v -0.688172 -0.361166 -0.180000
v -0.708468 -0.332530 -0.180000
v -0.726535 -0.301974 -0.180000
v -0.756204 -0.237548 -0.180000
v -0.777395 -0.170331 -0.180000
v -0.790110 -0.100326 -0.180000
v -0.794349 -0.027531 -0.180000
v -0.793144 0.012837 -0.180000
v -0.789531 0.052509 -0.180000
v -0.783508 0.091483 -0.180000
v -0.775077 0.129759 -0.180000
v -0.764237 0.167338 -0.180000
v -0.750987 0.204220 -0.180000
v -0.735329 0.240405 -0.180000
v -0.717261 0.275892 -0.180000
v -0.697102 0.309935 -0.180000
v -0.675168 0.341786 -0.180000
v -0.651458 0.371445 -0.180000
v -0.625974 0.398913 -0.180000
v -0.598714 0.424189 -0.180000
v -0.569679 0.447274 -0.180000
v -0.538870 0.468167 -0.180000
v -0.506285 0.486868 -0.180000
v -0.472215 0.503373 -0.180000
v -0.436950 0.517678 -0.180000
v -0.400489 0.529782 -0.180000
v -0.362833 0.539685 -0.180000
v -0.323981 0.547387 -0.180000
v -0.283934 0.552889 -0.180000
v -0.242692 0.556190 -0.180000
v -0.200254 0.557290 -0.180000
v -0.129252 0.553740 -0.180000
v -0.062308 0.543090 -0.180000
v 0.000580 0.525340 -0.180000
v 0.059410 0.500489 -0.180000
v 0.112860 0.469100 -0.180000
v 0.159609 0.431733 -0.180000
v 0.199656 0.388390 -0.180000
v 0.233001 0.339069 -0.180000
v 0.259247 0.285546 -0.180000
v 0.277993 0.229596 -0.180000
v 0.289241 0.171219 -0.180000
v 0.292990 0.110415 -0.180000
v 0.291569 0.073909 -0.180000
v 0.287303 0.038290 -0.180000
v 0.280194 0.003559 -0.180000
v 0.270241 -0.030284 -0.180000
v 0.257444 -0.063240 -0.180000
v 0.241804 -0.095309 -0.180000
v 0.223320 -0.126490 -0.180000
v 0.201992 -0.156783 -0.180000
v 0.172442 -0.192103 -0.180000
v 0.140880 -0.222713 -0.180000
v 0.107308 -0.248614 -0.180000
v 0.071726 -0.269806 -0.180000
v 0.034133 -0.286289 -0.180000
v -0.005470 -0.298062 -0.180000
v -0.047084 -0.305126 -0.180000
v -0.090708 -0.307481 -0.180000
v -0.113277 -0.306430 -0.180000
v -0.132874 -0.303278 -0.180000
v -0.149502 -0.298026 -0.180000
v -0.163159 -0.290672 -0.180000
v -0.174316 -0.281290 -0.180000
v -0.183445 -0.269951 -0.180000
v -0.190545 -0.256656 -0.180000
v -0.195617 -0.241406 -0.180000
v -0.231118 -0.270313 -0.180000
v -0.269227 -0.290962 -0.180000
v -0.309944 -0.303351 -0.180000
v -0.353269 -0.307481 -0.180000
v -0.399330 -0.303333 -0.180000
v -0.441297 -0.290889 -0.180000
v -0.479170 -0.270150 -0.180000
v -0.512951 -0.241116 -0.180000
v -0.527826 -0.223841 -0.180000
v -0.540717 -0.205198 -0.180000
v -0.551626 -0.185188 -0.180000
v -0.560551 -0.163811 -0.180000
v -0.567492 -0.141066 -0.180000
v -0.572451 -0.116953 -0.180000
v -0.575426 -0.091473 -0.180000
v -0.576417 -0.064626 -0.180000
v -0.575222 -0.030945 -0.180000
v -0.571636 0.001992 -0.180000
v -0.565658 0.034188 -0.180000
v -0.557290 0.065640 -0.180000
v -0.546531 0.096350 -0.180000
v -0.533382 0.126318 -0.180000
v -0.517841 0.155542 -0.180000
v -0.499909 0.184025 -0.180000
v -0.475910 0.216084 -0.180000
v -0.450281 0.243869 -0.180000
v -0.423021 0.267379 -0.180000
v -0.394131 0.286615 -0.180000
v -0.363612 0.301576 -0.180000
v -0.331462 0.312262 -0.180000
v -0.297682 0.318674 -0.180000
v -0.262271 0.320811 -0.180000
v -0.237321 0.319580 -0.180000
v -0.214055 0.315885 -0.180000
v -0.192474 0.309726 -0.180000
v -0.172577 0.301105 -0.180000
v -0.154365 0.290020 -0.180000
v -0.137837 0.276472 -0.180000
v -0.122994 0.260460 -0.180000
v -0.109835 0.241985 -0.180000
v -0.095345 0.306321 -0.180000
v 0.057671 0.306321 -0.180000
v -0.029850 -0.109256 -0.180000
v -0.033400 -0.127223 -0.180000
v -0.035936 -0.141713 -0.180000
v -0.037457 -0.152726 -0.180000
v -0.037964 -0.160261 -0.180000
v -0.036298 -0.172940 -0.180000
v -0.031299 -0.181996 -0.180000
v -0.023981 -0.187430 -0.180000
v -0.015360 -0.189241 -0.180000
v -0.000435 -0.187140 -0.180000
v 0.016519 -0.180837 -0.180000
v 0.035501 -0.170331 -0.180000
v 0.056512 -0.155624 -0.180000
v 0.084659 -0.131715 -0.180000
v 0.109980 -0.104039 -0.180000
v 0.132476 -0.072596 -0.180000
v 0.152146 -0.037385 -0.180000
v 0.168122 0.000036 -0.180000
v 0.179533 0.038109 -0.180000
v 0.186379 0.076834 -0.180000
v 0.188661 0.116211 -0.180000
v 0.187049 0.151128 -0.180000
v 0.182213 0.184586 -0.180000
v 0.174153 0.216587 -0.180000
v 0.162869 0.247129 -0.180000
v 0.148361 0.276214 -0.180000
v 0.130629 0.303840 -0.180000
v 0.109672 0.330008 -0.180000
v 0.085492 0.354718 -0.180000
v 0.058422 0.377201 -0.180000
v 0.028799 0.396685 -0.180000
v -0.003378 0.413172 -0.180000
v -0.038109 0.426662 -0.180000
v -0.075394 0.437154 -0.180000
v -0.115233 0.444648 -0.180000
v -0.157625 0.449144 -0.180000
v -0.202572 0.450643 -0.180000
v -0.241093 0.449642 -0.180000
v -0.278120 0.446640 -0.180000
v -0.313652 0.441636 -0.180000
v -0.347691 0.434631 -0.180000
v -0.380235 0.425625 -0.180000
v -0.411284 0.414617 -0.180000
v -0.440840 0.401607 -0.180000
v -0.468901 0.386597 -0.180000
v -0.495372 0.369770 -0.180000
v -0.520159 0.351313 -0.180000
v -0.543262 0.331226 -0.180000
v -0.564680 0.309509 -0.180000
v -0.584414 0.286162 -0.180000
v -0.602463 0.261185 -0.180000
v -0.618828 0.234577 -0.180000
v -0.633508 0.206339 -0.180000
v -0.657725 0.147636 -0.180000
v -0.675023 0.087738 -0.180000
v -0.685401 0.026644 -0.180000
v -0.688861 -0.035646 -0.180000
v -0.685003 -0.095417 -0.180000
v -0.673429 -0.152436 -0.180000
v -0.654139 -0.206702 -0.180000
v -0.627133 -0.258214 -0.180000
v -0.593153 -0.304963 -0.180000
v -0.552943 -0.344938 -0.180000
v -0.506502 -0.378138 -0.180000
v -0.453831 -0.404564 -0.180000
v -0.396033 -0.424724 -0.180000
v -0.334215 -0.439123 -0.180000
v -0.268375 -0.447763 -0.180000
v -0.198515 -0.450643 -0.180000
v -0.131679 -0.448234 -0.180000
v -0.069698 -0.441007 -0.180000
v -0.012570 -0.428962 -0.180000
v 0.039703 -0.412099 -0.180000
v 0.087122 -0.390418 -0.180000
v 0.129687 -0.363920 -0.180000
v 0.167397 -0.332603 -0.180000
v -0.426300 -0.058250 -0.180000
v -0.424434 -0.092628 -0.180000
v -0.418837 -0.122152 -0.180000
v -0.409509 -0.146821 -0.180000
v -0.396450 -0.166636 -0.180000
v -0.380638 -0.181851 -0.180000
v -0.363050 -0.192719 -0.180000
v -0.343688 -0.199239 -0.180000
v -0.322550 -0.201413 -0.180000
v -0.290527 -0.197356 -0.180000
v -0.260533 -0.185184 -0.180000
v -0.238652 -0.170259 -0.180000
v -0.217062 -0.148669 -0.180000
v -0.202228 -0.128962 -0.180000
v -0.188444 -0.105198 -0.180000
v -0.175711 -0.077377 -0.180000
v -0.164028 -0.045499 -0.180000
v -0.154266 -0.012172 -0.180000
v -0.147292 0.019996 -0.180000
v -0.143108 0.051005 -0.180000
v -0.141713 0.080855 -0.180000
v -0.143615 0.111701 -0.180000
v -0.149321 0.138743 -0.180000
v -0.158830 0.161982 -0.180000
v -0.172143 0.181416 -0.180000
v -0.188354 0.196758 -0.180000
v -0.206557 0.207716 -0.180000
v -0.226752 0.214291 -0.180000
v -0.248940 0.216483 -0.180000
v -0.273393 0.214074 -0.180000
v -0.296903 0.206847 -0.180000
v -0.319471 0.194802 -0.180000
v -0.341098 0.177939 -0.180000
v -0.360949 0.156620 -0.180000
v -0.378192 0.131208 -0.180000
v -0.392827 0.101703 -0.180000
v -0.404854 0.068104 -0.180000
v -0.414237 0.033472 -0.180000
v -0.420938 0.000869 -0.180000
v -0.424959 -0.029705 -0.180000
v 0.200254 -0.296468 0.180000
v 0.323709 -0.296468 0.180000
v 0.323709 -0.296468 -0.180000
v 0.200254 -0.296468 -0.180000
v 0.323709 -0.296468 0.180000
v 0.308250 -0.325086 0.180000
v 0.308250 -0.325086 -0.180000
v 0.323709 -0.296468 -0.180000
v 0.308250 -0.325086 0.180000
v 0.290853 -0.352110 0.180000
v 0.290853 -0.352110 -0.180000
v 0.308250 -0.325086 -0.180000
v 0.290853 -0.352110 0.180000
v 0.271518 -0.377540 0.180000
v 0.271518 -0.377540 -0.180000
v 0.290853 -0.352110 -0.180000
v 0.271518 -0.377540 0.180000
v 0.250245 -0.401377 0.180000
v 0.250245 -0.401377 -0.180000
v 0.271518 -0.377540 -0.180000
v 0.250245 -0.401377 0.180000
v 0.227033 -0.423619 0.180000
v 0.227033 -0.423619 -0.180000
v 0.250245 -0.401377 -0.180000
v 0.227033 -0.423619 0.180000
v 0.201884 -0.444267 0.180000
v 0.201884 -0.444267 -0.180000
v 0.227033 -0.423619 -0.180000
v 0.201884 -0.444267 0.180000
v 0.174796 -0.463322 0.180000
v 0.174796 -0.463322 -0.180000
v 0.201884 -0.444267 -0.180000
v 0.174796 -0.463322 0.180000
v 0.145771 -0.480782 0.180000
v 0.145771 -0.480782 -0.180000
v 0.174796 -0.463322 -0.180000
v 0.145771 -0.480782 0.180000
v 0.110487 -0.498714 0.180000
v 0.110487 -0.498714 -0.180000
v 0.145771 -0.480782 -0.180000
v 0.110487 -0.498714 0.180000
v 0.073320 -0.514255 0.180000
v 0.073320 -0.514255 -0.180000
v 0.110487 -0.498714 -0.180000
v 0.073320 -0.514255 0.180000
v 0.034269 -0.527404 0.180000
v 0.034269 -0.527404 -0.180000
v 0.073320 -0.514255 -0.180000
v 0.034269 -0.527404 0.180000
v -0.006665 -0.538163 0.180000
v -0.006665 -0.538163 -0.180000
v 0.034269 -0.527404 -0.180000
v -0.006665 -0.538163 0.180000
v -0.049484 -0.546531 0.180000
v -0.049484 -0.546531 -0.180000
v -0.006665 -0.538163 -0.180000
v -0.049484 -0.546531 0.180000
v -0.094186 -0.552509 0.180000
v -0.094186 -0.552509 -0.180000
v -0.049484 -0.546531 -0.180000
v -0.094186 -0.552509 0.180000
v -0.140772 -0.556095 0.180000
v -0.140772 -0.556095 -0.180000
v -0.094186 -0.552509 -0.180000
v -0.140772 -0.556095 0.180000
v -0.189241 -0.557290 0.180000
v -0.189241 -0.557290 -0.180000
v -0.140772 -0.556095 -0.180000
v -0.189241 -0.557290 0.180000
v -0.236243 -0.556281 0.180000
v -0.236243 -0.556281 -0.180000
v -0.189241 -0.557290 -0.180000
v -0.236243 -0.556281 0.180000
v -0.281616 -0.553251 0.180000
v -0.281616 -0.553251 -0.180000
v -0.236243 -0.556281 -0.180000
v -0.281616 -0.553251 0.180000
v -0.325358 -0.548202 0.180000
v -0.325358 -0.548202 -0.180000
v -0.281616 -0.553251 -0.180000
v -0.325358 -0.548202 0.180000
v -0.367470 -0.541134 0.180000
v -0.367470 -0.541134 -0.180000
v -0.325358 -0.548202 -0.180000
v -0.367470 -0.541134 0.180000
v -0.407951 -0.532046 0.180000
v -0.407951 -0.532046 -0.180000
v -0.367470 -0.541134 -0.180000
v -0.407951 -0.532046 0.180000
v -0.446803 -0.520938 0.180000
v -0.446803 -0.520938 -0.180000
v -0.407951 -0.532046 -0.180000
v -0.446803 -0.520938 0.180000
v -0.484025 -0.507811 0.180000
v -0.484025 -0.507811 -0.180000
v -0.446803 -0.520938 -0.180000
v -0.484025 -0.507811 0.180000
v -0.519616 -0.492664 0.180000
v -0.519616 -0.492664 -0.180000
v -0.484025 -0.507811 -0.180000
v -0.519616 -0.492664 0.180000
v -0.553278 -0.475548 0.180000
v -0.553278 -0.475548 -0.180000
v -0.519616 -0.492664 -0.180000
v -0.553278 -0.475548 0.180000
v -0.584713 -0.456512 0.180000
v -0.584713 -0.456512 -0.180000
v -0.553278 -0.475548 -0.180000
v -0.584713 -0.456512 0.180000
v -0.613920 -0.435555 0.180000
v -0.613920 -0.435555 -0.180000
v -0.584713 -0.456512 -0.180000
v -0.613920 -0.435555 0.180000
v -0.640898 -0.412679 0.180000
v -0.640898 -0.412679 -0.180000
v -0.613920 -0.435555 -0.180000
v -0.640898 -0.412679 0.180000
v -0.665649 -0.387883 0.180000
v -0.665649 -0.387883 -0.180000
v -0.640898 -0.412679 -0.180000
v -0.665649 -0.387883 0.180000
v -0.688172 -0.361166 0.180000
v -0.688172 -0.361166 -0.180000
v -0.665649 -0.387883 -0.180000
v -0.688172 -0.361166 0.180000
v -0.708468 -0.332530 0.180000
v -0.708468 -0.332530 -0.180000
v -0.688172 -0.361166 -0.180000
v -0.708468 -0.332530 0.180000
v -0.726535 -0.301974 0.180000
v -0.726535 -0.301974 -0.180000
v -0.708468 -0.332530 -0.180000
v -0.726535 -0.301974 0.180000
v -0.756204 -0.237548 0.180000
v -0.756204 -0.237548 -0.180000
v -0.726535 -0.301974 -0.180000
v -0.756204 -0.237548 0.180000
v -0.777395 -0.170331 0.180000
v -0.777395 -0.170331 -0.180000
v -0.756204 -0.237548 -0.180000
v -0.777395 -0.170331 0.180000
v -0.790110 -0.100326 0.180000
v -0.790110 -0.100326 -0.180000
v -0.777395 -0.170331 -0.180000
v -0.790110 -0.100326 0.180000
v -0.794349 -0.027531 0.180000
v -0.794349 -0.027531 -0.180000
v -0.790110 -0.100326 -0.180000
v -0.794349 -0.027531 0.180000
v -0.793144 0.012837 0.180000
v -0.793144 0.012837 -0.180000
v -0.794349 -0.027531 -0.180000
v -0.793144 0.012837 0.180000
v -0.789531 0.052509 0.180000
v -0.789531 0.052509 -0.180000
v -0.793144 0.012837 -0.180000
v -0.789531 0.052509 0.180000
v -0.783508 0.091483 0.180000
v -0.783508 0.091483 -0.180000
v -0.789531 0.052509 -0.180000
v -0.783508 0.091483 0.180000
v -0.775077 0.129759 0.180000
v -0.775077 0.129759 -0.180000
v -0.783508 0.091483 -0.180000
v -0.775077 0.129759 0.180000
v -0.764237 0.167338 0.180000
v -0.764237 0.167338 -0.180000
v -0.775077 0.129759 -0.180000
v -0.764237 0.167338 0.180000
v -0.750987 0.204220 0.180000
v -0.750987 0.204220 -0.180000
v -0.764237 0.167338 -0.180000
v -0.750987 0.204220 0.180000
v -0.735329 0.240405 0.180000
v -0.735329 0.240405 -0.180000
v -0.750987 0.204220 -0.180000
v -0.735329 0.240405 0.180000
v -0.717261 0.275892 0.180000
v -0.717261 0.275892 -0.180000
v -0.735329 0.240405 -0.180000
v -0.717261 0.275892 0.180000
v -0.697102 0.309935 0.180000
v -0.697102 0.309935 -0.180000
v -0.717261 0.275892 -0.180000
v -0.697102 0.309935 0.180000
v -0.675168 0.341786 0.180000
v -0.675168 0.341786 -0.180000
v -0.697102 0.309935 -0.180000
v -0.675168 0.341786 0.180000
v -0.651458 0.371445 0.180000
v -0.651458 0.371445 -0.180000
v -0.675168 0.341786 -0.180000
v -0.651458 0.371445 0.180000
v -0.625974 0.398913 0.180000
v -0.625974 0.398913 -0.180000
v -0.651458 0.371445 -0.180000
v -0.625974 0.398913 0.180000
v -0.598714 0.424189 0.180000
v -0.598714 0.424189 -0.180000
v -0.625974 0.398913 -0.180000
v -0.598714 0.424189 0.180000
v -0.569679 0.447274 0.180000
v -0.569679 0.447274 -0.180000
v -0.598714 0.424189 -0.180000
v -0.569679 0.447274 0.180000
v -0.538870 0.468167 0.180000
v -0.538870 0.468167 -0.180000
v -0.569679 0.447274 -0.180000
v -0.538870 0.468167 0.180000
v -0.506285 0.486868 0.180000
v -0.506285 0.486868 -0.180000
v -0.538870 0.468167 -0.180000
v -0.506285 0.486868 0.180000
v -0.472215 0.503373 0.180000
v -0.472215 0.503373 -0.180000
v -0.506285 0.486868 -0.180000
v -0.472215 0.503373 0.180000
v -0.436950 0.517678 0.180000
v -0.436950 0.517678 -0.180000
v -0.472215 0.503373 -0.180000
v -0.436950 0.517678 0.180000
v -0.400489 0.529782 0.180000
v -0.400489 0.529782 -0.180000
v -0.436950 0.517678 -0.180000
v -0.400489 0.529782 0.180000
v -0.362833 0.539685 0.180000
v -0.362833 0.539685 -0.180000
v -0.400489 0.529782 -0.180000
v -0.362833 0.539685 0.180000
v -0.323981 0.547387 0.180000
v -0.323981 0.547387 -0.180000
v -0.362833 0.539685 -0.180000
v -0.323981 0.547387 0.180000
v -0.283934 0.552889 0.180000
v -0.283934 0.552889 -0.180000
v -0.323981 0.547387 -0.180000
v -0.283934 0.552889 0.180000
v -0.242692 0.556190 0.180000
v -0.242692 0.556190 -0.180000
v -0.283934 0.552889 -0.180000
v -0.242692 0.556190 0.180000
v -0.200254 0.557290 0.180000
v -0.200254 0.557290 -0.180000
v -0.242692 0.556190 -0.180000
v -0.200254 0.557290 0.180000
v -0.129252 0.553740 0.180000
v -0.129252 0.553740 -0.180000
v -0.200254 0.557290 -0.180000
v -0.129252 0.553740 0.180000
v -0.062308 0.543090 0.180000
v -0.062308 0.543090 -0.180000
v -0.129252 0.553740 -0.180000
v -0.062308 0.543090 0.180000
v 0.000580 0.525340 0.180000
v 0.000580 0.525340 -0.180000
v -0.062308 0.543090 -0.180000
v 0.000580 0.525340 0.180000
v 0.059410 0.500489 0.180000
v 0.059410 0.500489 -0.180000
v 0.000580 0.525340 -0.180000
v 0.059410 0.500489 0.180000
v 0.112860 0.469100 0.180000
v 0.112860 0.469100 -0.180000
v 0.059410 0.500489 -0.180000
v 0.112860 0.469100 0.180000
v 0.159609 0.431733 0.180000
v 0.159609 0.431733 -0.180000
v 0.112860 0.469100 -0.180000
v 0.159609 0.431733 0.180000
v 0.199656 0.388390 0.180000
v 0.199656 0.388390 -0.180000
v 0.159609 0.431733 -0.180000
v 0.199656 0.388390 0.180000
v 0.233001 0.339069 0.180000
v 0.233001 0.339069 -0.180000
v 0.199656 0.388390 -0.180000
v 0.233001 0.339069 0.180000
v 0.259247 0.285546 0.180000
v 0.259247 0.285546 -0.180000
v 0.233001 0.339069 -0.180000
v 0.259247 0.285546 0.180000
v 0.277993 0.229596 0.180000
v 0.277993 0.229596 -0.180000
v 0.259247 0.285546 -0.180000
v 0.277993 0.229596 0.180000
v 0.289241 0.171219 0.180000
v 0.289241 0.171219 -0.180000
v 0.277993 0.229596 -0.180000
v 0.289241 0.171219 0.180000
v 0.292990 0.110415 0.180000
v 0.292990 0.110415 -0.180000
v 0.289241 0.171219 -0.180000
v 0.292990 0.110415 0.180000
v 0.291569 0.073909 0.180000
v 0.291569 0.073909 -0.180000
v 0.292990 0.110415 -0.180000
v 0.291569 0.073909 0.180000
v 0.287303 0.038290 0.180000
v 0.287303 0.038290 -0.180000
v 0.291569 0.073909 -0.180000
v 0.287303 0.038290 0.180000
v 0.280194 0.003559 0.180000
v 0.280194 0.003559 -0.180000
v 0.287303 0.038290 -0.180000
v 0.280194 0.003559 0.180000
v 0.270241 -0.030284 0.180000
v 0.270241 -0.030284 -0.180000
v 0.280194 0.003559 -0.180000
v 0.270241 -0.030284 0.180000
v 0.257444 -0.063240 0.180000
v 0.257444 -0.063240 -0.180000
v 0.270241 -0.030284 -0.180000
v 0.257444 -0.063240 0.180000
v 0.241804 -0.095309 0.180000
v 0.241804 -0.095309 -0.180000
v 0.257444 -0.063240 -0.180000
v 0.241804 -0.095309 0.180000
v 0.223320 -0.126490 0.180000
v 0.223320 -0.126490 -0.180000
v 0.241804 -0.095309 -0.180000
v 0.223320 -0.126490 0.180000
v 0.201992 -0.156783 0.180000
v 0.201992 -0.156783 -0.180000
v 0.223320 -0.126490 -0.180000
v 0.201992 -0.156783 0.180000
v 0.172442 -0.192103 0.180000
v 0.172442 -0.192103 -0.180000
v 0.201992 -0.156783 -0.180000
v 0.172442 -0.192103 0.180000
v 0.140880 -0.222713 0.180000
v 0.140880 -0.222713 -0.180000
v 0.172442 -0.192103 -0.180000
v 0.140880 -0.222713 0.180000
v 0.107308 -0.248614 0.180000
v 0.107308 -0.248614 -0.180000
v 0.140880 -0.222713 -0.180000
v 0.107308 -0.248614 0.180000
v 0.071726 -0.269806 0.180000
v 0.071726 -0.269806 -0.180000
v 0.107308 -0.248614 -0.180000
v 0.071726 -0.269806 0.180000
v 0.034133 -0.286289 0.180000
v 0.034133 -0.286289 -0.180000
v 0.071726 -0.269806 -0.180000
v 0.034133 -0.286289 0.180000
v -0.005470 -0.298062 0.180000
v -0.005470 -0.298062 -0.180000
v 0.034133 -0.286289 -0.180000
v -0.005470 -0.298062 0.180000
v -0.047084 -0.305126 0.180000
v -0.047084 -0.305126 -0.180000
v -0.005470 -0.298062 -0.180000
v -0.047084 -0.305126 0.180000
v -0.090708 -0.307481 0.180000
v -0.090708 -0.307481 -0.180000
v -0.047084 -0.305126 -0.180000
v -0.090708 -0.307481 0.180000
v -0.113277 -0.306430 0.180000
v -0.113277 -0.306430 -0.180000
v -0.090708 -0.307481 -0.180000
v -0.113277 -0.306430 0.180000
v -0.132874 -0.303278 0.180000
v -0.132874 -0.303278 -0.180000
v -0.113277 -0.306430 -0.180000
v -0.132874 -0.303278 0.180000
v -0.149502 -0.298026 0.180000
v -0.149502 -0.298026 -0.180000
v -0.132874 -0.303278 -0.180000
v -0.149502 -0.298026 0.180000
v -0.163159 -0.290672 0.180000
v -0.163159 -0.290672 -0.180000
v -0.149502 -0.298026 -0.180000
v -0.163159 -0.290672 0.180000
v -0.174316 -0.281290 0.180000
v -0.174316 -0.281290 -0.180000
v -0.163159 -0.290672 -0.180000
v -0.174316 -0.281290 0.180000
v -0.183445 -0.269951 0.180000
v -0.183445 -0.269951 -0.180000
v -0.174316 -0.281290 -0.180000
v -0.183445 -0.269951 0.180000
v -0.190545 -0.256656 0.180000
v -0.190545 -0.256656 -0.180000
v -0.183445 -0.269951 -0.180000
v -0.190545 -0.256656 0.180000
v -0.195617 -0.241406 0.180000
v -0.195617 -0.241406 -0.180000
v -0.190545 -0.256656 -0.180000
v -0.195617 -0.241406 0.180000
v -0.231118 -0.270313 0.180000
v -0.231118 -0.270313 -0.180000
v -0.195617 -0.241406 -0.180000
v -0.231118 -0.270313 0.180000
v -0.269227 -0.290962 0.180000
v -0.269227 -0.290962 -0.180000
v -0.231118 -0.270313 -0.180000
v -0.269227 -0.290962 0.180000
v -0.309944 -0.303351 0.180000
v -0.309944 -0.303351 -0.180000
v -0.269227 -0.290962 -0.180000
v -0.309944 -0.303351 0.180000
v -0.353269 -0.307481 0.180000
v -0.353269 -0.307481 -0.180000
v -0.309944 -0.303351 -0.180000
v -0.353269 -0.307481 0.180000
v -0.399330 -0.303333 0.180000
v -0.399330 -0.303333 -0.180000
v -0.353269 -0.307481 -0.180000
v -0.399330 -0.303333 0.180000
v -0.441297 -0.290889 0.180000
v -0.441297 -0.290889 -0.180000
v -0.399330 -0.303333 -0.180000
v -0.441297 -0.290889 0.180000
v -0.479170 -0.270150 0.180000
v -0.479170 -0.270150 -0.180000
v -0.441297 -0.290889 -0.180000
v -0.479170 -0.270150 0.180000
v -0.512951 -0.241116 0.180000
v -0.512951 -0.241116 -0.180000
v -0.479170 -0.270150 -0.180000
v -0.512951 -0.241116 0.180000
v -0.527826 -0.223841 0.180000
v -0.527826 -0.223841 -0.180000
v -0.512951 -0.241116 -0.180000
v -0.527826 -0.223841 0.180000
v -0.540717 -0.205198 0.180000
v -0.540717 -0.205198 -0.180000
v -0.527826 -0.223841 -0.180000
v -0.540717 -0.205198 0.180000
v -0.551626 -0.185188 0.180000
v -0.551626 -0.185188 -0.180000
v -0.540717 -0.205198 -0.180000
v -0.551626 -0.185188 0.180000
v -0.560551 -0.163811 0.180000
v -0.560551 -0.163811 -0.180000
v -0.551626 -0.185188 -0.180000
v -0.560551 -0.163811 0.180000
v -0.567492 -0.141066 0.180000
v -0.567492 -0.141066 -0.180000
v -0.560551 -0.163811 -0.180000
v -0.567492 -0.141066 0.180000
v -0.572451 -0.116953 0.180000
v -0.572451 -0.116953 -0.180000
v -0.567492 -0.141066 -0.180000
v -0.572451 -0.116953 0.180000
v -0.575426 -0.091473 0.180000
v -0.575426 -0.091473 -0.180000
v -0.572451 -0.116953 -0.180000
v -0.575426 -0.091473 0.180000
v -0.576417 -0.064626 0.180000
v -0.576417 -0.064626 -0.180000
v -0.575426 -0.091473 -0.180000
v -0.576417 -0.064626 0.180000
v -0.575222 -0.030945 0.180000
v -0.575222 -0.030945 -0.180000
v -0.576417 -0.064626 -0.180000
v -0.575222 -0.030945 0.180000
v -0.571636 0.001992 0.180000
v -0.571636 0.001992 -0.180000
v -0.575222 -0.030945 -0.180000
v -0.571636 0.001992 0.180000
v -0.565658 0.034188 0.180000
v -0.565658 0.034188 -0.180000
v -0.571636 0.001992 -0.180000
v -0.565658 0.034188 0.180000
v -0.557290 0.065640 0.180000
v -0.557290 0.065640 -0.180000
v -0.565658 0.034188 -0.180000
v -0.557290 0.065640 0.180000
v -0.546531 0.096350 0.180000
v -0.546531 0.096350 -0.180000
v -0.557290 0.065640 -0.180000
v -0.546531 0.096350 0.180000
v -0.533382 0.126318 0.180000
v -0.533382 0.126318 -0.180000
v -0.546531 0.096350 -0.180000
v -0.533382 0.126318 0.180000
v -0.517841 0.155542 0.180000
v -0.517841 0.155542 -0.180000
v -0.533382 0.126318 -0.180000
v -0.517841 0.155542 0.180000
v -0.499909 0.184025 0.180000
v -0.499909 0.184025 -0.180000
v -0.517841 0.155542 -0.180000
v -0.499909 0.184025 0.180000
v -0.475910 0.216084 0.180000
v -0.475910 0.216084 -0.180000
v -0.499909 0.184025 -0.180000
v -0.475910 0.216084 0.180000
v -0.450281 0.243869 0.180000
v -0.450281 0.243869 -0.180000
v -0.475910 0.216084 -0.180000
v -0.450281 0.243869 0.180000
v -0.423021 0.267379 0.180000
v -0.423021 0.267379 -0.180000
v -0.450281 0.243869 -0.180000
v -0.423021 0.267379 0.180000
v -0.394131 0.286615 0.180000
v -0.394131 0.286615 -0.180000
v -0.423021 0.267379 -0.180000
v -0.394131 0.286615 0.180000
v -0.363612 0.301576 0.180000
v -0.363612 0.301576 -0.180000
v -0.394131 0.286615 -0.180000
v -0.363612 0.301576 0.180000
v -0.331462 0.312262 0.180000
v -0.331462 0.312262 -0.180000
v -0.363612 0.301576 -0.180000
v -0.331462 0.312262 0.180000
v -0.297682 0.318674 0.180000
v -0.297682 0.318674 -0.180000
v -0.331462 0.312262 -0.180000
v -0.297682 0.318674 0.180000
v -0.262271 0.320811 0.180000
v -0.262271 0.320811 -0.180000
v -0.297682 0.318674 -0.180000
v -0.262271 0.320811 0.180000
v -0.237321 0.319580 0.180000
v -0.237321 0.319580 -0.180000
v -0.262271 0.320811 -0.180000
v -0.237321 0.319580 0.180000
v -0.214055 0.315885 0.180000
v -0.214055 0.315885 -0.180000
v -0.237321 0.319580 -0.180000
v -0.214055 0.315885 0.180000
v -0.192474 0.309726 0.180000
v -0.192474 0.309726 -0.180000
v -0.214055 0.315885 -0.180000
v -0.192474 0.309726 0.180000
v -0.172577 0.301105 0.180000
v -0.172577 0.301105 -0.180000
v -0.192474 0.309726 -0.180000
v -0.172577 0.301105 0.180000
v -0.154365 0.290020 0.180000
v -0.154365 0.290020 -0.180000
v -0.172577 0.301105 -0.180000
v -0.154365 0.290020 0.180000
v -0.137837 0.276472 0.180000
v -0.137837 0.276472 -0.180000
v -0.154365 0.290020 -0.180000
v -0.137837 0.276472 0.180000
v -0.122994 0.260460 0.180000
v -0.122994 0.260460 -0.180000
v -0.137837 0.276472 -0.180000
v -0.122994 0.260460 0.180000
v -0.109835 0.241985 0.180000
v -0.109835 0.241985 -0.180000
v -0.122994 0.260460 -0.180000
v -0.109835 0.241985 0.180000
v -0.095345 0.306321 0.180000
v -0.095345 0.306321 -0.180000
v -0.109835 0.241985 -0.180000
v -0.095345 0.306321 0.180000
v 0.057671 0.306321 0.180000
v 0.057671 0.306321 -0.180000
v -0.095345 0.306321 -0.180000
v 0.057671 0.306321 0.180000
v -0.029850 -0.109256 0.180000
v -0.029850 -0.109256 -0.180000
v 0.057671 0.306321 -0.180000
v -0.029850 -0.109256 0.180000
v -0.033400 -0.127223 0.180000
v -0.033400 -0.127223 -0.180000
v -0.029850 -0.109256 -0.180000
v -0.033400 -0.127223 0.180000
v -0.035936 -0.141713 0.180000
v -0.035936 -0.141713 -0.180000
v -0.033400 -0.127223 -0.180000
v -0.035936 -0.141713 0.180000
v -0.037457 -0.152726 0.180000
v -0.037457 -0.152726 -0.180000
v -0.035936 -0.141713 -0.180000
v -0.037457 -0.152726 0.180000
v -0.037964 -0.160261 0.180000
v -0.037964 -0.160261 -0.180000
v -0.037457 -0.152726 -0.180000
v -0.037964 -0.160261 0.180000
v -0.036298 -0.172940 0.180000
v -0.036298 -0.172940 -0.180000
v -0.037964 -0.160261 -0.180000
v -0.036298 -0.172940 0.180000
v -0.031299 -0.181996 0.180000
v -0.031299 -0.181996 -0.180000
v -0.036298 -0.172940 -0.180000
v -0.031299 -0.181996 0.180000
v -0.023981 -0.187430 0.180000
v -0.023981 -0.187430 -0.180000
v -0.031299 -0.181996 -0.180000
v -0.023981 -0.187430 0.180000
v -0.015360 -0.189241 0.180000
v -0.015360 -0.189241 -0.180000
v -0.023981 -0.187430 -0.180000
v -0.015360 -0.189241 0.180000
v -0.000435 -0.187140 0.180000
v -0.000435 -0.187140 -0.180000
v -0.015360 -0.189241 -0.180000
v -0.000435 -0.187140 0.180000
v 0.016519 -0.180837 0.180000
v 0.016519 -0.180837 -0.180000
v -0.000435 -0.187140 -0.180000
v 0.016519 -0.180837 0.180000
v 0.035501 -0.170331 0.180000
v 0.035501 -0.170331 -0.180000
v 0.016519 -0.180837 -0.180000
v 0.035501 -0.170331 0.180000
v 0.056512 -0.155624 0.180000
v 0.056512 -0.155624 -0.180000
v 0.035501 -0.170331 -0.180000
v 0.056512 -0.155624 0.180000
v 0.084659 -0.131715 0.180000
v 0.084659 -0.131715 -0.180000
v 0.056512 -0.155624 -0.180000
v 0.084659 -0.131715 0.180000
v 0.109980 -0.104039 0.180000
v 0.109980 -0.104039 -0.180000
v 0.084659 -0.131715 -0.180000
v 0.109980 -0.104039 0.180000
v 0.132476 -0.072596 0.180000
v 0.132476 -0.072596 -0.180000
v 0.109980 -0.104039 -0.180000
v 0.132476 -0.072596 0.180000
v 0.152146 -0.037385 0.180000
v 0.152146 -0.037385 -0.180000
v 0.132476 -0.072596 -0.180000
v 0.152146 -0.037385 0.180000
v 0.168122 0.000036 0.180000
v 0.168122 0.000036 -0.180000
v 0.152146 -0.037385 -0.180000
v 0.168122 0.000036 0.180000
v 0.179533 0.038109 0.180000
v 0.179533 0.038109 -0.180000
v 0.168122 0.000036 -0.180000
v 0.179533 0.038109 0.180000
v 0.186379 0.076834 0.180000
v 0.186379 0.076834 -0.180000
v 0.179533 0.038109 -0.180000
v 0.186379 0.076834 0.180000
v 0.188661 0.116211 0.180000
v 0.188661 0.116211 -0.180000
v 0.186379 0.076834 -0.180000
v 0.188661 0.116211 0.180000
v 0.187049 0.151128 0.180000
v 0.187049 0.151128 -0.180000
v 0.188661 0.116211 -0.180000
v 0.187049 0.151128 0.180000
v 0.182213 0.184586 0.180000
v 0.182213 0.184586 -0.180000
v 0.187049 0.151128 -0.180000
v 0.182213 0.184586 0.180000
v 0.174153 0.216587 0.180000
v 0.174153 0.216587 -0.180000
v 0.182213 0.184586 -0.180000
v 0.174153 0.216587 0.180000
v 0.162869 0.247129 0.180000
v 0.162869 0.247129 -0.180000
v 0.174153 0.216587 -0.180000
v 0.162869 0.247129 0.180000
v 0.148361 0.276214 0.180000
v 0.148361 0.276214 -0.180000
v 0.162869 0.247129 -0.180000
v 0.148361 0.276214 0.180000
v 0.130629 0.303840 0.180000
v 0.130629 0.303840 -0.180000
v 0.148361 0.276214 -0.180000
v 0.130629 0.303840 0.180000
v 0.109672 0.330008 0.180000
v 0.109672 0.330008 -0.180000
v 0.130629 0.303840 -0.180000
v 0.109672 0.330008 0.180000
v 0.085492 0.354718 0.180000
v 0.085492 0.354718 -0.180000
v 0.109672 0.330008 -0.180000
v 0.085492 0.354718 0.180000
v 0.058422 0.377201 0.180000
v 0.058422 0.377201 -0.180000
v 0.085492 0.354718 -0.180000
v 0.058422 0.377201 0.180000
v 0.028799 0.396685 0.180000
v 0.028799 0.396685 -0.180000
v 0.058422 0.377201 -0.180000
v 0.028799 0.396685 0.180000
v -0.003378 0.413172 0.180000
v -0.003378 0.413172 -0.180000
v 0.028799 0.396685 -0.180000
v -0.003378 0.413172 0.180000
v -0.038109 0.426662 0.180000
v -0.038109 0.426662 -0.180000
v -0.003378 0.413172 -0.180000
v -0.038109 0.426662 0.180000
v -0.075394 0.437154 0.180000
v -0.075394 0.437154 -0.180000
v -0.038109 0.426662 -0.180000
v -0.075394 0.437154 0.180000
v -0.115233 0.444648 0.180000
v -0.115233 0.444648 -0.180000
v -0.075394 0.437154 -0.180000
v -0.115233 0.444648 0.180000
v -0.157625 0.449144 0.180000
v -0.157625 0.449144 -0.180000
v -0.115233 0.444648 -0.180000
v -0.157625 0.449144 0.180000
v -0.202572 0.450643 0.180000
v -0.202572 0.450643 -0.180000
v -0.157625 0.449144 -0.180000
v -0.202572 0.450643 0.180000
v -0.241093 0.449642 0.180000
v -0.241093 0.449642 -0.180000
v -0.202572 0.450643 -0.180000
v -0.241093 0.449642 0.180000
v -0.278120 0.446640 0.180000
v -0.278120 0.446640 -0.180000
v -0.241093 0.449642 -0.180000
v -0.278120 0.446640 0.180000
v -0.313652 0.441636 0.180000
v -0.313652 0.441636 -0.180000
v -0.278120 0.446640 -0.180000
v -0.313652 0.441636 0.180000
v -0.347691 0.434631 0.180000
v -0.347691 0.434631 -0.180000
v -0.313652 0.441636 -0.180000
v -0.347691 0.434631 0.180000
v -0.380235 0.425625 0.180000
v -0.380235 0.425625 -0.180000
v -0.347691 0.434631 -0.180000
v -0.380235 0.425625 0.180000
v -0.411284 0.414617 0.180000
v -0.411284 0.414617 -0.180000
v -0.380235 0.425625 -0.180000
v -0.411284 0.414617 0.180000
v -0.440840 0.401607 0.180000
v -0.440840 0.401607 -0.180000
v -0.411284 0.414617 -0.180000
v -0.440840 0.401607 0.180000
v -0.468901 0.386597 0.180000
v -0.468901 0.386597 -0.180000
v -0.440840 0.401607 -0.180000
v -0.468901 0.386597 0.180000
v -0.495372 0.369770 0.180000
v -0.495372 0.369770 -0.180000
v -0.468901 0.386597 -0.180000
v -0.495372 0.369770 0.180000
v -0.520159 0.351313 0.180000
v -0.520159 0.351313 -0.180000
v -0.495372 0.369770 -0.180000
v -0.520159 0.351313 0.180000
v -0.543262 0.331226 0.180000
v -0.543262 0.331226 -0.180000
v -0.520159 0.351313 -0.180000
v -0.543262 0.331226 0.180000
v -0.564680 0.309509 0.180000
v -0.564680 0.309509 -0.180000
v -0.543262 0.331226 -0.180000
v -0.564680 0.309509 0.180000
v -0.584414 0.286162 0.180000
v -0.584414 0.286162 -0.180000
v -0.564680 0.309509 -0.180000
v -0.584414 0.286162 0.180000
v -0.602463 0.261185 0.180000
v -0.602463 0.261185 -0.180000
v -0.584414 0.286162 -0.180000
v -0.602463 0.261185 0.180000
v -0.618828 0.234577 0.180000
v -0.618828 0.234577 -0.180000
v -0.602463 0.261185 -0.180000
v -0.618828 0.234577 0.180000
v -0.633508 0.206339 0.180000
v -0.633508 0.206339 -0.180000
v -0.618828 0.234577 -0.180000
v -0.633508 0.206339 0.180000
v -0.657725 0.147636 0.180000
v -0.657725 0.147636 -0.180000
v -0.633508 0.206339 -0.180000
v -0.657725 0.147636 0.180000
v -0.675023 0.087738 0.180000
v -0.675023 0.087738 -0.180000
v -0.657725 0.147636 -0.180000
v -0.675023 0.087738 0.180000
v -0.685401 0.026644 0.180000
v -0.685401 0.026644 -0.180000
v -0.675023 0.087738 -0.180000
v -0.685401 0.026644 0.180000
v -0.688861 -0.035646 0.180000
v -0.688861 -0.035646 -0.180000
v -0.685401 0.026644 -0.180000
v -0.688861 -0.035646 0.180000
v -0.685003 -0.095417 0.180000
v -0.685003 -0.095417 -0.180000
v -0.688861 -0.035646 -0.180000
v -0.685003 -0.095417 0.180000
v -0.673429 -0.152436 0.180000
v -0.673429 -0.152436 -0.180000
v -0.685003 -0.095417 -0.180000
v -0.673429 -0.152436 0.180000
v -0.654139 -0.206702 0.180000
v -0.654139 -0.206702 -0.180000
v -0.673429 -0.152436 -0.180000
v -0.654139 -0.206702 0.180000
v -0.627133 -0.258214 0.180000
v -0.627133 -0.258214 -0.180000
v -0.654139 -0.206702 -0.180000
v -0.627133 -0.258214 0.180000
v -0.593153 -0.304963 0.180000
v -0.593153 -0.304963 -0.180000
v -0.627133 -0.258214 -0.180000
v -0.593153 -0.304963 0.180000
v -0.552943 -0.344938 0.180000
v -0.552943 -0.344938 -0.180000
v -0.593153 -0.304963 -0.180000
v -0.552943 -0.344938 0.180000
v -0.506502 -0.378138 0.180000
v -0.506502 -0.378138 -0.180000
v -0.552943 -0.344938 -0.180000
v -0.506502 -0.378138 0.180000
v -0.453831 -0.404564 0.180000
v -0.453831 -0.404564 -0.180000
v -0.506502 -0.378138 -0.180000
v -0.453831 -0.404564 0.180000
v -0.396033 -0.424724 0.180000
v -0.396033 -0.424724 -0.180000
v -0.453831 -0.404564 -0.180000
v -0.396033 -0.424724 0.180000
v -0.334215 -0.439123 0.180000
v -0.334215 -0.439123 -0.180000
v -0.396033 -0.424724 -0.180000
v -0.334215 -0.439123 0.180000
v -0.268375 -0.447763 0.180000
v -0.268375 -0.447763 -0.180000
v -0.334215 -0.439123 -0.180000
v -0.268375 -0.447763 0.180000
v -0.198515 -0.450643 0.180000
v -0.198515 -0.450643 -0.180000
v -0.268375 -0.447763 -0.180000
v -0.198515 -0.450643 0.180000
v -0.131679 -0.448234 0.180000
v -0.131679 -0.448234 -0.180000
v -0.198515 -0.450643 -0.180000
v -0.131679 -0.448234 0.180000
v -0.069698 -0.441007 0.180000
v -0.069698 -0.441007 -0.180000
v -0.131679 -0.448234 -0.180000
v -0.069698 -0.441007 0.180000
v -0.012570 -0.428962 0.180000
v -0.012570 -0.428962 -0.180000
v -0.069698 -0.441007 -0.180000
v -0.012570 -0.428962 0.180000
v 0.039703 -0.412099 0.180000
v 0.039703 -0.412099 -0.180000
v -0.012570 -0.428962 -0.180000
v 0.039703 -0.412099 0.180000
v 0.087122 -0.390418 0.180000
v 0.087122 -0.390418 -0.180000
v 0.039703 -0.412099 -0.180000
v 0.087122 -0.390418 0.180000
v 0.129687 -0.363920 0.180000
v 0.129687 -0.363920 -0.180000
v 0.087122 -0.390418 -0.180000
v 0.129687 -0.363920 0.180000
v 0.167397 -0.332603 0.180000
v 0.167397 -0.332603 -0.180000
v 0.129687 -0.363920 -0.180000
v 0.167397 -0.332603 0.180000
v 0.200254 -0.296468 0.180000
v 0.200254 -0.296468 -0.180000
v 0.167397 -0.332603 -0.180000
v -0.426300 -0.058250 0.180000
v -0.424434 -0.092628 0.180000
v -0.424434 -0.092628 -0.180000
v -0.426300 -0.058250 -0.180000
v -0.424434 -0.092628 0.180000
v -0.418837 -0.122152 0.180000
v -0.418837 -0.122152 -0.180000
v -0.424434 -0.092628 -0.180000
v -0.418837 -0.122152 0.180000
v -0.409509 -0.146821 0.180000
v -0.409509 -0.146821 -0.180000
v -0.418837 -0.122152 -0.180000
v -0.409509 -0.146821 0.180000
v -0.396450 -0.166636 0.180000
v -0.396450 -0.166636 -0.180000
v -0.409509 -0.146821 -0.180000
v -0.396450 -0.166636 0.180000
v -0.380638 -0.181851 0.180000
v -0.380638 -0.181851 -0.180000
v -0.396450 -0.166636 -0.180000
v -0.380638 -0.181851 0.180000
v -0.363050 -0.192719 0.180000
v -0.363050 -0.192719 -0.180000
v -0.380638 -0.181851 -0.180000
v -0.363050 -0.192719 0.180000
v -0.343688 -0.199239 0.180000
v -0.343688 -0.199239 -0.180000
v -0.363050 -0.192719 -0.180000
v -0.343688 -0.199239 0.180000
v -0.322550 -0.201413 0.180000
v -0.322550 -0.201413 -0.180000
v -0.343688 -0.199239 -0.180000
v -0.322550 -0.201413 0.180000
v -0.290527 -0.197356 0.180000
v -0.290527 -0.197356 -0.180000
v -0.322550 -0.201413 -0.180000
v -0.290527 -0.197356 0.180000
v -0.260533 -0.185184 0.180000
v -0.260533 -0.185184 -0.180000
v -0.290527 -0.197356 -0.180000
v -0.260533 -0.185184 0.180000
v -0.238652 -0.170259 0.180000
v -0.238652 -0.170259 -0.180000
v -0.260533 -0.185184 -0.180000
v -0.238652 -0.170259 0.180000
v -0.217062 -0.148669 0.180000
v -0.217062 -0.148669 -0.180000
v -0.238652 -0.170259 -0.180000
v -0.217062 -0.148669 0.180000
v -0.202228 -0.128962 0.180000
v -0.202228 -0.128962 -0.180000
v -0.217062 -0.148669 -0.180000
v -0.202228 -0.128962 0.180000
v -0.188444 -0.105198 0.180000
v -0.188444 -0.105198 -0.180000
v -0.202228 -0.128962 -0.180000
v -0.188444 -0.105198 0.180000
v -0.175711 -0.077377 0.180000
v -0.175711 -0.077377 -0.180000
v -0.188444 -0.105198 -0.180000
v -0.175711 -0.077377 0.180000
v -0.164028 -0.045499 0.180000
v -0.164028 -0.045499 -0.180000
v -0.175711 -0.077377 -0.180000
v -0.164028 -0.045499 0.180000
v -0.154266 -0.012172 0.180000
v -0.154266 -0.012172 -0.180000
v -0.164028 -0.045499 -0.180000
v -0.154266 -0.012172 0.180000
v -0.147292 0.019996 0.180000
v -0.147292 0.019996 -0.180000
v -0.154266 -0.012172 -0.180000
v -0.147292 0.019996 0.180000
v -0.143108 0.051005 0.180000
v -0.143108 0.051005 -0.180000
v -0.147292 0.019996 -0.180000
v -0.143108 0.051005 0.180000
v -0.141713 0.080855 0.180000
v -0.141713 0.080855 -0.180000
v -0.143108 0.051005 -0.180000
v -0.141713 0.080855 0.180000
v -0.143615 0.111701 0.180000
v -0.143615 0.111701 -0.180000
v -0.141713 0.080855 -0.180000
v -0.143615 0.111701 0.180000
v -0.149321 0.138743 0.180000
v -0.149321 0.138743 -0.180000
v -0.143615 0.111701 -0.180000
v -0.149321 0.138743 0.180000
v -0.158830 0.161982 0.180000
v -0.158830 0.161982 -0.180000
v -0.149321 0.138743 -0.180000
v -0.158830 0.161982 0.180000
v -0.172143 0.181416 0.180000
v -0.172143 0.181416 -0.180000
v -0.158830 0.161982 -0.180000
v -0.172143 0.181416 0.180000
v -0.188354 0.196758 0.180000
v -0.188354 0.196758 -0.180000
v -0.172143 0.181416 -0.180000
v -0.188354 0.196758 0.180000
v -0.206557 0.207716 0.180000
v -0.206557 0.207716 -0.180000
v -0.188354 0.196758 -0.180000
v -0.206557 0.207716 0.180000
v -0.226752 0.214291 0.180000
v -0.226752 0.214291 -0.180000
v -0.206557 0.207716 -0.180000
v -0.226752 0.214291 0.180000
v -0.248940 0.216483 0.180000
v -0.248940 0.216483 -0.180000
v -0.226752 0.214291 -0.180000
v -0.248940 0.216483 0.180000
v -0.273393 0.214074 0.180000
v -0.273393 0.214074 -0.180000
v -0.248940 0.216483 -0.180000
v -0.273393 0.214074 0.180000
v -0.296903 0.206847 0.180000
v -0.296903 0.206847 -0.180000
v -0.273393 0.214074 -0.180000
v -0.296903 0.206847 0.180000
v -0.319471 0.194802 0.180000
v -0.319471 0.194802 -0.180000
v -0.296903 0.206847 -0.180000
v -0.319471 0.194802 0.180000
v -0.341098 0.177939 0.180000
v -0.341098 0.177939 -0.180000
v -0.319471 0.194802 -0.180000
v -0.341098 0.177939 0.180000
v -0.360949 0.156620 0.180000
v -0.360949 0.156620 -0.180000
v -0.341098 0.177939 -0.180000
v -0.360949 0.156620 0.180000
v -0.378192 0.131208 0.180000
v -0.378192 0.131208 -0.180000
v -0.360949 0.156620 -0.180000
v -0.378192 0.131208 0.180000
v -0.392827 0.101703 0.180000
v -0.392827 0.101703 -0.180000
v -0.378192 0.131208 -0.180000
v -0.392827 0.101703 0.180000
v -0.404854 0.068104 0.180000
v -0.404854 0.068104 -0.180000
v -0.392827 0.101703 -0.180000
v -0.404854 0.068104 0.180000
v -0.414237 0.033472 0.180000
v -0.414237 0.033472 -0.180000
v -0.404854 0.068104 -0.180000
v -0.414237 0.033472 0.180000
v -0.420938 0.000869 0.180000
v -0.420938 0.000869 -0.180000
v -0.414237 0.033472 -0.180000
v -0.420938 0.000869 0.180000
v -0.424959 -0.029705 0.180000
v -0.424959 -0.029705 -0.180000
v -0.420938 0.000869 -0.180000
v -0.424959 -0.029705 0.180000
v -0.426300 -0.058250 0.180000
v -0.426300 -0.058250 -0.180000
v -0.424959 -0.029705 -0.180000
v 0.412969 -0.307481 0.180000
v 0.412969 0.542221 0.180000
v 0.575838 0.542221 0.180000
v 0.575838 -0.307481 0.180000
v 0.412969 -0.307481 -0.180000
v 0.412969 0.542221 -0.180000
v 0.575838 0.542221 -0.180000
v 0.575838 -0.307481 -0.180000
v 0.412969 -0.307481 0.180000
v 0.412969 0.542221 0.180000
v 0.412969 0.542221 -0.180000
v 0.412969 -0.307481 -0.180000
v 0.412969 0.542221 0.180000
v 0.575838 0.542221 0.180000
v 0.575838 0.542221 -0.180000
v 0.412969 0.542221 -0.180000
v 0.575838 0.542221 0.180000
v 0.575838 -0.307481 0.180000
v 0.575838 -0.307481 -0.180000
v 0.575838 0.542221 -0.180000
v 0.575838 -0.307481 0.180000
v 0.412969 -0.307481 0.180000
v 0.412969 -0.307481 -0.180000
v 0.575838 -0.307481 -0.180000
v 0.742764 -0.307481 0.180000
v 0.742764 0.542221 0.180000
v 0.905633 0.542221 0.180000
v 0.905633 -0.307481 0.180000
v 0.742764 -0.307481 -0.180000
v 0.742764 0.542221 -0.180000
v 0.905633 0.542221 -0.180000
v 0.905633 -0.307481 -0.180000
v 0.742764 -0.307481 0.180000
v 0.742764 0.542221 0.180000
v 0.742764 0.542221 -0.180000
v 0.742764 -0.307481 -0.180000
v 0.742764 0.542221 0.180000
v 0.905633 0.542221 0.180000
v 0.905633 0.542221 -0.180000
v 0.742764 0.542221 -0.180000
v 0.905633 0.542221 0.180000
v 0.905633 -0.307481 0.180000
v 0.905633 -0.307481 -0.180000
v 0.905633 0.542221 -0.180000
v 0.905633 -0.307481 0.180000
v 0.742764 -0.307481 0.180000
v 0.742764 -0.307481 -0.180000
v 0.905633 -0.307481 -0.180000
v 1.429016 -0.111574 0.180000
v 1.591306 -0.138815 0.180000
v 1.573393 -0.180782 0.180000
v 1.550951 -0.217424 0.180000
v 1.523981 -0.248741 0.180000
v 1.492483 -0.274733 0.180000
v 1.456602 -0.295146 0.180000
v 1.416483 -0.309726 0.180000
v 1.372125 -0.318475 0.180000
v 1.323528 -0.321391 0.180000
v 1.284695 -0.319752 0.180000
v 1.248469 -0.314834 0.180000
v 1.214852 -0.306638 0.180000
v 1.183844 -0.295164 0.180000
v 1.155443 -0.280411 0.180000
v 1.129650 -0.262380 0.180000
v 1.106466 -0.241070 0.180000
v 1.085890 -0.216483 0.180000
v 1.071627 -0.194784 0.180000
v 1.059265 -0.171708 0.180000
v 1.048805 -0.147256 0.180000
v 1.040246 -0.121427 0.180000
v 1.033590 -0.094222 0.180000
v 1.028835 -0.065640 0.180000
v 1.025983 -0.035682 0.180000
v 1.025032 -0.004347 0.180000
v 1.026281 0.032870 0.180000
v 1.030031 0.068013 0.180000
v 1.036280 0.101082 0.180000
v 1.045028 0.132078 0.180000
v 1.056276 0.160999 0.180000
v 1.070024 0.187846 0.180000
v 1.086271 0.212620 0.180000
v 1.105017 0.235320 0.180000
v 1.125675 0.255629 0.180000
v 1.147654 0.273229 0.180000
v 1.170956 0.288123 0.180000
v 1.195581 0.300308 0.180000
v 1.221527 0.309785 0.180000
v 1.248796 0.316555 0.180000
v 1.277386 0.320617 0.180000
v 1.307299 0.321971 0.180000
v 1.340735 0.320553 0.180000
v 1.372360 0.316301 0.180000
v 1.402174 0.309215 0.180000
v 1.430176 0.299294 0.180000
v 1.456367 0.286538 0.180000
v 1.480746 0.270947 0.180000
v 1.503315 0.252522 0.180000
v 1.524072 0.231262 0.180000
v 1.542628 0.207078 0.180000
v 1.558594 0.179877 0.180000
v 1.571971 0.149660 0.180000
v 1.582757 0.116428 0.180000
v 1.590953 0.080180 0.180000
v 1.596559 0.040917 0.180000
v 1.599574 -0.001363 0.180000
v 1.600000 -0.046658 0.180000
v 1.191958 -0.046658 0.180000
v 1.195073 -0.080873 0.180000
v 1.202681 -0.111067 0.180000
v 1.214780 -0.137240 0.180000
v 1.231371 -0.159391 0.180000
v 1.251368 -0.177015 0.180000
v 1.273682 -0.189603 0.180000
v 1.298316 -0.197156 0.180000
v 1.325267 -0.199674 0.180000
v 1.343633 -0.198370 0.180000
v 1.360478 -0.194458 0.180000
v 1.375801 -0.187937 0.180000
v 1.389603 -0.178808 0.180000
v 1.401847 -0.166781 0.180000
v 1.412498 -0.151567 0.180000
v 1.421554 -0.133164 0.180000
v 1.438290 0.053034 0.180000
v 1.435356 0.086271 0.180000
v 1.428292 0.115269 0.180000
v 1.417098 0.140029 0.180000
v 1.401775 0.160551 0.180000
v 1.383445 0.176653 0.180000
v 1.363231 0.188154 0.180000
v 1.341134 0.195055 0.180000
v 1.317153 0.197356 0.180000
v 1.291650 0.194928 0.180000
v 1.268466 0.187647 0.180000
v 1.247600 0.175512 0.180000
v 1.229053 0.158522 0.180000
v 1.213874 0.137366 0.180000
v 1.203115 0.112733 0.180000
v 1.196776 0.084622 0.180000
v 1.194856 0.053034 0.180000
v 1.429016 -0.111574 -0.180000
v 1.591306 -0.138815 -0.180000
v 1.573393 -0.180782 -0.180000
v 1.550951 -0.217424 -0.180000
v 1.523981 -0.248741 -0.180000
v 1.492483 -0.274733 -0.180000
v 1.456602 -0.295146 -0.180000
v 1.416483 -0.309726 -0.180000
v 1.372125 -0.318475 -0.180000
v 1.323528 -0.321391 -0.180000
v 1.284695 -0.319752 -0.180000
v 1.248469 -0.314834 -0.180000
v 1.214852 -0.306638 -0.180000
v 1.183844 -0.295164 -0.180000
v 1.155443 -0.280411 -0.180000
v 1.129650 -0.262380 -0.180000
v 1.106466 -0.241070 -0.180000
v 1.085890 -0.216483 -0.180000
v 1.071627 -0.194784 -0.180000
v 1.059265 -0.171708 -0.180000
v 1.048805 -0.147256 -0.180000
v 1.040246 -0.121427 -0.180000
v 1.033590 -0.094222 -0.180000
v 1.028835 -0.065640 -0.180000
v 1.025983 -0.035682 -0.180000
v 1.025032 -0.004347 -0.180000
v 1.026281 0.032870 -0.180000
v 1.030031 0.068013 -0.180000
v 1.036280 0.101082 -0.180000
v 1.045028 0.132078 -0.180000
v 1.056276 0.160999 -0.180000
v 1.070024 0.187846 -0.180000
v 1.086271 0.212620 -0.180000
v 1.105017 0.235320 -0.180000
v 1.125675 0.255629 -0.180000
v 1.147654 0.273229 -0.180000
v 1.170956 0.288123 -0.180000
v 1.195581 0.300308 -0.180000
v 1.221527 0.309785 -0.180000
v 1.248796 0.316555 -0.180000
v 1.277386 0.320617 -0.180000
v 1.307299 0.321971 -0.180000
v 1.340735 0.320553 -0.180000
v 1.372360 0.316301 -0.180000
v 1.402174 0.309215 -0.180000
v 1.430176 0.299294 -0.180000
v 1.456367 0.286538 -0.180000
v 1.480746 0.270947 -0.180000
v 1.503315 0.252522 -0.180000
v 1.524072 0.231262 -0.180000
v 1.542628 0.207078 -0.180000
v 1.558594 0.179877 -0.180000
v 1.571971 0.149660 -0.180000
v 1.582757 0.116428 -0.180000
v 1.590953 0.080180 -0.180000
v 1.596559 0.040917 -0.180000
v 1.599574 -0.001363 -0.180000
v 1.600000 -0.046658 -0.180000
v 1.191958 -0.046658 -0.180000
v 1.195073 -0.080873 -0.180000
v 1.202681 -0.111067 -0.180000
v 1.214780 -0.137240 -0.180000
v 1.231371 -0.159391 -0.180000
v 1.251368 -0.177015 -0.180000
v 1.273682 -0.189603 -0.180000
v 1.298316 -0.197156 -0.180000
v 1.325267 -0.199674 -0.180000
v 1.343633 -0.198370 -0.180000
v 1.360478 -0.194458 -0.180000
v 1.375801 -0.187937 -0.180000
v 1.389603 -0.178808 -0.180000
v 1.401847 -0.166781 -0.180000
v 1.412498 -0.151567 -0.180000
v 1.421554 -0.133164 -0.180000
v 1.438290 0.053034 -0.180000
v 1.435356 0.086271 -0.180000
v 1.428292 0.115269 -0.180000
v 1.417098 0.140029 -0.180000
v 1.401775 0.160551 -0.180000
v 1.383445 0.176653 -0.180000
v 1.363231 0.188154 -0.180000
v 1.341134 0.195055 -0.180000
v 1.317153 0.197356 -0.180000
v 1.291650 0.194928 -0.180000
v 1.268466 0.187647 -0.180000
v 1.247600 0.175512 -0.180000
v 1.229053 0.158522 -0.180000
v 1.213874 0.137366 -0.180000
v 1.203115 0.112733 -0.180000
v 1.196776 0.084622 -0.180000
v 1.194856 0.053034 -0.180000
v 1.429016 -0.111574 0.180000
v 1.591306 -0.138815 0.180000
v 1.591306 -0.138815 -0.180000
v 1.429016 -0.111574 -0.180000
v 1.591306 -0.138815 0.180000
v 1.573393 -0.180782 0.180000
v 1.573393 -0.180782 -0.180000
v 1.591306 -0.138815 -0.180000
v 1.573393 -0.180782 0.180000
v 1.550951 -0.217424 0.180000
v 1.550951 -0.217424 -0.180000
v 1.573393 -0.180782 -0.180000
v 1.550951 -0.217424 0.180000
v 1.523981 -0.248741 0.180000
v 1.523981 -0.248741 -0.180000
v 1.550951 -0.217424 -0.180000
v 1.523981 -0.248741 0.180000
v 1.492483 -0.274733 0.180000
v 1.492483 -0.274733 -0.180000
v 1.523981 -0.248741 -0.180000
v 1.492483 -0.274733 0.180000
v 1.456602 -0.295146 0.180000
v 1.456602 -0.295146 -0.180000
v 1.492483 -0.274733 -0.180000
v 1.456602 -0.295146 0.180000
v 1.416483 -0.309726 0.180000
v 1.416483 -0.309726 -0.180000
v 1.456602 -0.295146 -0.180000
v 1.416483 -0.309726 0.180000
v 1.372125 -0.318475 0.180000
v 1.372125 -0.318475 -0.180000
v 1.416483 -0.309726 -0.180000
v 1.372125 -0.318475 0.180000
v 1.323528 -0.321391 0.180000
v 1.323528 -0.321391 -0.180000
v 1.372125 -0.318475 -0.180000
v 1.323528 -0.321391 0.180000
v 1.284695 -0.319752 0.180000
v 1.284695 -0.319752 -0.180000
v 1.323528 -0.321391 -0.180000
v 1.284695 -0.319752 0.180000
v 1.248469 -0.314834 0.180000
v 1.248469 -0.314834 -0.180000
v 1.284695 -0.319752 -0.180000
v 1.248469 -0.314834 0.180000
v 1.214852 -0.306638 0.180000
v 1.214852 -0.306638 -0.180000
v 1.248469 -0.314834 -0.180000
v 1.214852 -0.306638 0.180000
v 1.183844 -0.295164 0.180000
v 1.183844 -0.295164 -0.180000
v 1.214852 -0.306638 -0.180000
v 1.183844 -0.295164 0.180000
v 1.155443 -0.280411 0.180000
v 1.155443 -0.280411 -0.180000
v 1.183844 -0.295164 -0.180000
v 1.155443 -0.280411 0.180000
v 1.129650 -0.262380 0.180000
v 1.129650 -0.262380 -0.180000
v 1.155443 -0.280411 -0.180000
v 1.129650 -0.262380 0.180000
v 1.106466 -0.241070 0.180000
v 1.106466 -0.241070 -0.180000
v 1.129650 -0.262380 -0.180000
v 1.106466 -0.241070 0.180000
v 1.085890 -0.216483 0.180000
v 1.085890 -0.216483 -0.180000
v 1.106466 -0.241070 -0.180000
v 1.085890 -0.216483 0.180000
v 1.071627 -0.194784 0.180000
v 1.071627 -0.194784 -0.180000
v 1.085890 -0.216483 -0.180000
v 1.071627 -0.194784 0.180000
v 1.059265 -0.171708 0.180000
v 1.059265 -0.171708 -0.180000
v 1.071627 -0.194784 -0.180000
v 1.059265 -0.171708 0.180000
v 1.048805 -0.147256 0.180000
v 1.048805 -0.147256 -0.180000
v 1.059265 -0.171708 -0.180000
v 1.048805 -0.147256 0.180000
v 1.040246 -0.121427 0.180000
v 1.040246 -0.121427 -0.180000
v 1.048805 -0.147256 -0.180000
v 1.040246 -0.121427 0.180000
v 1.033590 -0.094222 0.180000
v 1.033590 -0.094222 -0.180000
v 1.040246 -0.121427 -0.180000
v 1.033590 -0.094222 0.180000
v 1.028835 -0.065640 0.180000
v 1.028835 -0.065640 -0.180000
v 1.033590 -0.094222 -0.180000
v 1.028835 -0.065640 0.180000
v 1.025983 -0.035682 0.180000
v 1.025983 -0.035682 -0.180000
v 1.028835 -0.065640 -0.180000
v 1.025983 -0.035682 0.180000
v 1.025032 -0.004347 0.180000
v 1.025032 -0.004347 -0.180000
v 1.025983 -0.035682 -0.180000
v 1.025032 -0.004347 0.180000
v 1.026281 0.032870 0.180000
v 1.026281 0.032870 -0.180000
v 1.025032 -0.004347 -0.180000
v 1.026281 0.032870 0.180000
v 1.030031 0.068013 0.180000
v 1.030031 0.068013 -0.180000
v 1.026281 0.032870 -0.180000
v 1.030031 0.068013 0.180000
v 1.036280 0.101082 0.180000
v 1.036280 0.101082 -0.180000
v 1.030031 0.068013 -0.180000
v 1.036280 0.101082 0.180000
v 1.045028 0.132078 0.180000
v 1.045028 0.132078 -0.180000
v 1.036280 0.101082 -0.180000
v 1.045028 0.132078 0.180000
v 1.056276 0.160999 0.180000
v 1.056276 0.160999 -0.180000
v 1.045028 0.132078 -0.180000
v 1.056276 0.160999 0.180000
v 1.070024 0.187846 0.180000
v 1.070024 0.187846 -0.180000
v 1.056276 0.160999 -0.180000
v 1.070024 0.187846 0.180000
v 1.086271 0.212620 0.180000
v 1.086271 0.212620 -0.180000
v 1.070024 0.187846 -0.180000
v 1.086271 0.212620 0.180000
v 1.105017 0.235320 0.180000
v 1.105017 0.235320 -0.180000
v 1.086271 0.212620 -0.180000
v 1.105017 0.235320 0.180000
v 1.125675 0.255629 0.180000
v 1.125675 0.255629 -0.180000
v 1.105017 0.235320 -0.180000
v 1.125675 0.255629 0.180000
v 1.147654 0.273229 0.180000
v 1.147654 0.273229 -0.180000
v 1.125675 0.255629 -0.180000
v 1.147654 0.273229 0.180000
v 1.170956 0.288123 0.180000
v 1.170956 0.288123 -0.180000
v 1.147654 0.273229 -0.180000
v 1.170956 0.288123 0.180000
v 1.195581 0.300308 0.180000
v 1.195581 0.300308 -0.180000
v 1.170956 0.288123 -0.180000
v 1.195581 0.300308 0.180000
v 1.221527 0.309785 0.180000
v 1.221527 0.309785 -0.180000
v 1.195581 0.300308 -0.180000
v 1.221527 0.309785 0.180000
v 1.248796 0.316555 0.180000
v 1.248796 0.316555 -0.180000
v 1.221527 0.309785 -0.180000
v 1.248796 0.316555 0.180000
v 1.277386 0.320617 0.180000
v 1.277386 0.320617 -0.180000
v 1.248796 0.316555 -0.180000
v 1.277386 0.320617 0.180000
v 1.307299 0.321971 0.180000
v 1.307299 0.321971 -0.180000
v 1.277386 0.320617 -0.180000
v 1.307299 0.321971 0.180000
v 1.340735 0.320553 0.180000
v 1.340735 0.320553 -0.180000
v 1.307299 0.321971 -0.180000
v 1.340735 0.320553 0.180000
v 1.372360 0.316301 0.180000
v 1.372360 0.316301 -0.180000
v 1.340735 0.320553 -0.180000
v 1.372360 0.316301 0.180000
v 1.402174 0.309215 0.180000
v 1.402174 0.309215 -0.180000
v 1.372360 0.316301 -0.180000
v 1.402174 0.309215 0.180000
v 1.430176 0.299294 0.180000
v 1.430176 0.299294 -0.180000
v 1.402174 0.309215 -0.180000
v 1.430176 0.299294 0.180000
v 1.456367 0.286538 0.180000
v 1.456367 0.286538 -0.180000
v 1.430176 0.299294 -0.180000
v 1.456367 0.286538 0.180000
v 1.480746 0.270947 0.180000
v 1.480746 0.270947 -0.180000
v 1.456367 0.286538 -0.180000
v 1.480746 0.270947 0.180000
v 1.503315 0.252522 0.180000
v 1.503315 0.252522 -0.180000
v 1.480746 0.270947 -0.180000
v 1.503315 0.252522 0.180000
v 1.524072 0.231262 0.180000
v 1.524072 0.231262 -0.180000
v 1.503315 0.252522 -0.180000
v 1.524072 0.231262 0.180000
v 1.542628 0.207078 0.180000
v 1.542628 0.207078 -0.180000
v 1.524072 0.231262 -0.180000
v 1.542628 0.207078 0.180000
v 1.558594 0.179877 0.180000
v 1.558594 0.179877 -0.180000
v 1.542628 0.207078 -0.180000
v 1.558594 0.179877 0.180000
v 1.571971 0.149660 0.180000
v 1.571971 0.149660 -0.180000
v 1.558594 0.179877 -0.180000
v 1.571971 0.149660 0.180000
v 1.582757 0.116428 0.180000
v 1.582757 0.116428 -0.180000
v 1.571971 0.149660 -0.180000
v 1.582757 0.116428 0.180000
v 1.590953 0.080180 0.180000
v 1.590953 0.080180 -0.180000
v 1.582757 0.116428 -0.180000
v 1.590953 0.080180 0.180000
v 1.596559 0.040917 0.180000
v 1.596559 0.040917 -0.180000
v 1.590953 0.080180 -0.180000
v 1.596559 0.040917 0.180000
v 1.599574 -0.001363 0.180000
v 1.599574 -0.001363 -0.180000
v 1.596559 0.040917 -0.180000
v 1.599574 -0.001363 0.180000
v 1.600000 -0.046658 0.180000
v 1.600000 -0.046658 -0.180000
v 1.599574 -0.001363 -0.180000
v 1.600000 -0.046658 0.180000
v 1.191958 -0.046658 0.180000
v 1.191958 -0.046658 -0.180000
v 1.600000 -0.046658 -0.180000
v 1.191958 -0.046658 0.180000
v 1.195073 -0.080873 0.180000
v 1.195073 -0.080873 -0.180000
v 1.191958 -0.046658 -0.180000
v 1.195073 -0.080873 0.180000
v 1.202681 -0.111067 0.180000
v 1.202681 -0.111067 -0.180000
v 1.195073 -0.080873 -0.180000
v 1.202681 -0.111067 0.180000
v 1.214780 -0.137240 0.180000
v 1.214780 -0.137240 -0.180000
v 1.202681 -0.111067 -0.180000
v 1.214780 -0.137240 0.180000
v 1.231371 -0.159391 0.180000
v 1.231371 -0.159391 -0.180000
v 1.214780 -0.137240 -0.180000
v 1.231371 -0.159391 0.180000
v 1.251368 -0.177015 0.180000
v 1.251368 -0.177015 -0.180000
v 1.231371 -0.159391 -0.180000
v 1.251368 -0.177015 0.180000
v 1.273682 -0.189603 0.180000
v 1.273682 -0.189603 -0.180000
v 1.251368 -0.177015 -0.180000
v 1.273682 -0.189603 0.180000
v 1.298316 -0.197156 0.180000
v 1.298316 -0.197156 -0.180000
v 1.273682 -0.189603 -0.180000
v 1.298316 -0.197156 0.180000
v 1.325267 -0.199674 0.180000
v 1.325267 -0.199674 -0.180000
v 1.298316 -0.197156 -0.180000
v 1.325267 -0.199674 0.180000
v 1.343633 -0.198370 0.180000
v 1.343633 -0.198370 -0.180000
v 1.325267 -0.199674 -0.180000
v 1.343633 -0.198370 0.180000
v 1.360478 -0.194458 0.180000
v 1.360478 -0.194458 -0.180000
v 1.343633 -0.198370 -0.180000
v 1.360478 -0.194458 0.180000
v 1.375801 -0.187937 0.180000
v 1.375801 -0.187937 -0.180000
v 1.360478 -0.194458 -0.180000
v 1.375801 -0.187937 0.180000
v 1.389603 -0.178808 0.180000
v 1.389603 -0.178808 -0.180000
v 1.375801 -0.187937 -0.180000
v 1.389603 -0.178808 0.180000
v 1.401847 -0.166781 0.180000
v 1.401847 -0.166781 -0.180000
v 1.389603 -0.178808 -0.180000
v 1.401847 -0.166781 0.180000
v 1.412498 -0.151567 0.180000
v 1.412498 -0.151567 -0.180000
v 1.401847 -0.166781 -0.180000
v 1.412498 -0.151567 0.180000
v 1.421554 -0.133164 0.180000
v 1.421554 -0.133164 -0.180000
v 1.412498 -0.151567 -0.180000
v 1.421554 -0.133164 0.180000
v 1.429016 -0.111574 0.180000
v 1.429016 -0.111574 -0.180000
v 1.421554 -0.133164 -0.180000
v 1.438290 0.053034 0.180000
v 1.435356 0.086271 0.180000
v 1.435356 0.086271 -0.180000
v 1.438290 0.053034 -0.180000
v 1.435356 0.086271 0.180000
v 1.428292 0.115269 0.180000
v 1.428292 0.115269 -0.180000
v 1.435356 0.086271 -0.180000
v 1.428292 0.115269 0.180000
v 1.417098 0.140029 0.180000
v 1.417098 0.140029 -0.180000
v 1.428292 0.115269 -0.180000
v 1.417098 0.140029 0.180000
v 1.401775 0.160551 0.180000
v 1.401775 0.160551 -0.180000
v 1.417098 0.140029 -0.180000
v 1.401775 0.160551 0.180000
v 1.383445 0.176653 0.180000
v 1.383445 0.176653 -0.180000
v 1.401775 0.160551 -0.180000
v 1.383445 0.176653 0.180000
v 1.363231 0.188154 0.180000
v 1.363231 0.188154 -0.180000
v 1.383445 0.176653 -0.180000
v 1.363231 0.188154 0.180000
v 1.341134 0.195055 0.180000
v 1.341134 0.195055 -0.180000
v 1.363231 0.188154 -0.180000
v 1.341134 0.195055 0.180000
v 1.317153 0.197356 0.180000
v 1.317153 0.197356 -0.180000
v 1.341134 0.195055 -0.180000
v 1.317153 0.197356 0.180000
v 1.291650 0.194928 0.180000
v 1.291650 0.194928 -0.180000
v 1.317153 0.197356 -0.180000
v 1.291650 0.194928 0.180000
v 1.268466 0.187647 0.180000
v 1.268466 0.187647 -0.180000
v 1.291650 0.194928 -0.180000
v 1.268466 0.187647 0.180000
v 1.247600 0.175512 0.180000
v 1.247600 0.175512 -0.180000
v 1.268466 0.187647 -0.180000
v 1.247600 0.175512 0.180000
v 1.229053 0.158522 0.180000
v 1.229053 0.158522 -0.180000
v 1.247600 0.175512 -0.180000
v 1.229053 0.158522 0.180000
v 1.213874 0.137366 0.180000
v 1.213874 0.137366 -0.180000
v 1.229053 0.158522 -0.180000
v 1.213874 0.137366 0.180000
v 1.203115 0.112733 0.180000
v 1.203115 0.112733 -0.180000
v 1.213874 0.137366 -0.180000
v 1.203115 0.112733 0.180000
v 1.196776 0.084622 0.180000
v 1.196776 0.084622 -0.180000
v 1.203115 0.112733 -0.180000
v 1.196776 0.084622 0.180000
v 1.194856 0.053034 0.180000
v 1.194856 0.053034 -0.180000
v 1.196776 0.084622 -0.180000
v 1.194856 0.053034 0.180000
v 1.438290 0.053034 0.180000
v 1.438290 0.053034 -0.180000
v 1.194856 0.053034 -0.180000

vn 0.000000 0.000000 1.000000
vn 0.000000 0.000000 1.000000
vn 0.000000 0.000000 1.000000
vn 0.000000 0.000000 1.000000
vn 0.000000 0.000000 1.000000
vn 0.000000 0.000000 1.000000
vn 0.000000 0.000000 1.000000
vn 0.000000 0.000000 1.000000
vn 0.000000 0.000000 1.000000
vn 0.000000 0.000000 1.000000
vn 0.000000 0.000000 1.000000
vn 0.000000 0.000000 1.000000
vn 0.000000 0.000000 1.000000
vn 0.000000 0.000000 1.000000
vn 0.000000 0.000000 1.000000
vn 0.000000 0.000000 1.000000
vn 0.000000 0.000000 1.000000
vn 0.000000 0.000000 1.000000
vn 0.000000 0.000000 1.000000
vn 0.000000 0.000000 1.000000
vn 0.000000 0.000000 1.000000
vn 0.000000 0.000000 1.000000
vn 0.000000 0.000000 1.000000
vn 0.000000 0.000000 1.000000
vn 0.000000 0.000000 1.000000
vn 0.000000 0.000000 1.000000
vn 0.000000 0.000000 1.000000
vn 0.000000 0.000000 1.000000
vn 0.000000 0.000000 1.000000
vn 0.000000 0.000000 1.000000
vn 0.000000 0.000000 1.000000
vn 0.000000 0.000000 1.000000
vn 0.000000 0.000000 1.000000
vn 0.000000 0.000000 1.000000
vn 0.000000 0.000000 1.000000
vn 0.000000 0.000000 1.000000
vn 0.000000 0.000000 1.000000
vn 0.000000 0.000000 1.000000
vn 0.000000 0.000000 1.000000
vn 0.000000 0.000000 1.000000
vn 0.000000 0.000000 1.000000
vn 0.000000 0.000000 1.000000
vn 0.000000 0.000000 1.000000
vn 0.000000 0.000000 1.000000
vn 0.000000 0.000000 1.000000
vn 0.000000 0.000000 1.000000
vn 0.000000 0.000000 1.000000
vn 0.000000 0.000000 1.000000
vn 0.000000 0.000000 1.000000
vn 0.000000 0.000000 1.000000
vn 0.000000 0.000000 1.000000
vn 0.000000 0.000000 1.000000
vn 0.000000 0.000000 1.000000
vn 0.000000 0.000000 1.000000
vn 0.000000 0.000000 1.000000
vn 0.000000 0.000000 1.000000
vn 0.000000 0.000000 1.000000
vn 0.000000 0.000000 1.000000
vn 0.000000 0.000000 1.000000
vn 0.000000 0.000000 1.000000
vn 0.000000 0.000000 1.000000
vn 0.000000 0.000000 1.000000
vn 0.000000 0.000000 1.000000
vn 0.000000 0.000000 1.000000
vn 0.000000 0.000000 1.000000
vn 0.000000 0.000000 1.000000
vn 0.000000 0.000000 1.000000
vn 0.000000 0.000000 1.000000
vn 0.000000 0.000000 1.000000
vn 0.000000 0.000000 1.000000
vn 0.000000 0.000000 1.000000
vn 0.000000 0.000000 1.000000
vn 0.000000 0.000000 1.000000
vn 0.000000 0.000000 1.000000
vn 0.000000 0.000000 1.000000
vn 0.000000 0.000000 1.000000
vn 0.000000 0.000000 1.000000
vn 0.000000 0.000000 1.000000
vn 0.000000 0.000000 1.000000
vn 0.000000 0.000000 1.000000
vn 0.000000 0.000000 1.000000
vn 0.000000 0.000000 1.000000
vn 0.000000 0.000000 1.000000
vn 0.000000 0.000000 1.000000
vn 0.000000 0.000000 1.000000
vn 0.000000 0.000000 1.000000
vn 0.000000 0.000000 1.000000
vn 0.000000 0.000000 1.000000
vn 0.000000 0.000000 1.000000
vn 0.000000 0.000000 -1.000000
vn 0.000000 0.000000 -1.000000
vn 0.000000 0.000000 -1.000000
vn 0.000000 0.000000 -1.000000
vn 0.000000 0.000000 -1.000000
vn 0.000000 0.000000 -1.000000
vn 0.000000 0.000000 -1.000000
vn 0.000000 0.000000 -1.000000
vn 0.000000 0.000000 -1.000000
vn 0.000000 0.000000 -1.000000
vn 0.000000 0.000000 -1.000000
vn 0.000000 0.000000 -1.000000
vn 0.000000 0.000000 -1.000000
vn 0.000000 0.000000 -1.000000
vn 0.000000 0.000000 -1.000000
vn 0.000000 0.000000 -1.000000
vn 0.000000 0.000000 -1.000000
vn 0.000000 0.000000 -1.000000
vn 0.000000 0.000000 -1.000000
vn 0.000000 0.000000 -1.000000
vn 0.000000 0.000000 -1.000000
vn 0.000000 0.000000 -1.000000
vn 0.000000 0.000000 -1.000000
vn 0.000000 0.000000 -1.000000
vn 0.000000 0.000000 -1.000000
vn 0.000000 0.000000 -1.000000
vn 0.000000 0.000000 -1.000000
vn 0.000000 0.000000 -1.000000
vn 0.000000 0.000000 -1.000000
vn 0.000000 0.000000 -1.000000
vn 0.000000 0.000000 -1.000000
vn 0.000000 0.000000 -1.000000
vn 0.000000 0.000000 -1.000000
vn 0.000000 0.000000 -1.000000
vn 0.000000 0.000000 -1.000000
vn 0.000000 0.000000 -1.000000
vn 0.000000 0.000000 -1.000000
vn 0.000000 0.000000 -1.000000
vn 0.000000 0.000000 -1.000000
vn 0.000000 0.000000 -1.000000
vn 0.000000 0.000000 -1.000000
vn 0.000000 0.000000 -1.000000
vn 0.000000 0.000000 -1.000000
vn 0.000000 0.000000 -1.000000
vn 0.000000 0.000000 -1.000000
vn 0.000000 0.000000 -1.000000
vn 0.000000 0.000000 -1.000000
vn 0.000000 0.000000 -1.000000
vn 0.000000 0.000000 -1.000000
vn 0.000000 0.000000 -1.000000
vn 0.000000 0.000000 -1.000000
vn 0.000000 0.000000 -1.000000
vn 0.000000 0.000000 -1.000000
vn 0.000000 0.000000 -1.000000
vn 0.000000 0.000000 -1.000000
vn 0.000000 0.000000 -1.000000
vn 0.000000 0.000000 -1.000000
vn 0.000000 0.000000 -1.000000
vn 0.000000 0.000000 -1.000000
vn 0.000000 0.000000 -1.000000
vn 0.000000 0.000000 -1.000000
vn 0.000000 0.000000 -1.000000
vn 0.000000 0.000000 -1.000000
vn 0.000000 0.000000 -1.000000
vn 0.000000 0.000000 -1.000000
vn 0.000000 0.000000 -1.000000
vn 0.000000 0.000000 -1.000000
vn 0.000000 0.000000 -1.000000
vn 0.000000 0.000000 -1.000000
vn 0.000000 0.000000 -1.000000
vn 0.000000 0.000000 -1.000000
vn 0.000000 0.000000 -1.000000
vn 0.000000 0.000000 -1.000000
vn 0.000000 0.000000 -1.000000
vn 0.000000 0.000000 -1.000000
vn 0.000000 0.000000 -1.000000
vn 0.000000 0.000000 -1.000000
vn 0.000000 0.000000 -1.000000
vn 0.000000 0.000000 -1.000000
vn 0.000000 0.000000 -1.000000
vn 0.000000 0.000000 -1.000000
vn 0.000000 0.000000 -1.000000
vn 0.000000 0.000000 -1.000000
vn 0.000000 0.000000 -1.000000
vn 0.000000 0.000000 -1.000000
vn 0.000000 0.000000 -1.000000
vn 0.000000 0.000000 -1.000000
vn 0.000000 0.000000 -1.000000
vn 0.000000 0.000000 -1.000000
vn -1.000000 0.000000 -0.000000
vn -1.000000 0.000000 -0.000000
vn -1.000000 0.000000 -0.000000
vn -1.000000 0.000000 -0.000000
vn 0.000000 1.000000 0.000000
vn 0.000000 1.000000 0.000000
vn 0.000000 1.000000 0.000000
vn 0.000000 1.000000 0.000000
vn 0.010876 0.999941 0.000000
vn 0.010876 0.999941 0.000000
vn 0.010876 0.999941 0.000000
vn 0.010876 0.999941 0.000000
vn 0.035095 0.999384 0.000000
vn 0.035095 0.999384 0.000000
vn 0.035095 0.999384 0.000000
vn 0.035095 0.999384 0.000000
vn 0.063225 0.997999 0.000000
vn 0.063225 0.997999 0.000000
vn 0.063225 0.997999 0.000000
vn 0.063225 0.997999 0.000000
vn 0.096213 0.995361 0.000000
vn 0.096213 0.995361 0.000000
vn 0.096213 0.995361 0.000000
vn 0.096213 0.995361 0.000000
vn 0.135292 0.990806 0.000000
vn 0.135292 0.990806 0.000000
vn 0.135292 0.990806 0.000000
vn 0.135292 0.990806 0.000000
vn 0.182074 0.983285 0.000000
vn 0.182074 0.983285 0.000000
vn 0.182074 0.983285 0.000000
vn 0.182074 0.983285 0.000000
vn 0.238652 0.971105 0.000000
vn 0.238652 0.971105 0.000000
vn 0.238652 0.971105 0.000000
vn 0.238652 0.971105 0.000000
vn 0.307647 0.951500 0.000000
vn 0.307647 0.951500 0.000000
vn 0.307647 0.951500 0.000000
vn 0.307647 0.951500 0.000000
vn 0.422640 0.906298 0.000000
vn 0.422640 0.906298 0.000000
vn 0.422640 0.906298 0.000000
vn 0.422640 0.906298 0.000000
vn 0.568383 0.822764 0.000000
vn 0.568383 0.822764 0.000000
vn 0.568383 0.822764 0.000000
vn 0.568383 0.822764 0.000000
vn 0.698093 0.716007 0.000000
vn 0.698093 0.716007 0.000000
vn 0.698093 0.716007 0.000000
vn 0.698093 0.716007 0.000000
vn 0.802766 0.596294 0.000000
vn 0.802766 0.596294 0.000000
vn 0.802766 0.596294 0.000000
vn 0.802766 0.596294 0.000000
vn 0.881652 0.471900 0.000000
vn 0.881652 0.471900 0.000000
vn 0.881652 0.471900 0.000000
vn 0.881652 0.471900 0.000000
vn 0.941623 0.336670 0.000000
vn 0.941623 0.336670 0.000000
vn 0.941623 0.336670 0.000000
vn 0.941623 0.336670 0.000000
vn 0.980303 0.197501 0.000000
vn 0.980303 0.197501 0.000000
vn 0.980303 0.197501 0.000000
vn 0.980303 0.197501 0.000000
vn 0.998002 0.063177 0.000000
vn 0.998002 0.063177 0.000000
vn 0.998002 0.063177 0.000000
vn 0.998002 0.063177 0.000000
vn 0.997061 -0.076606 0.000000
vn 0.997061 -0.076606 0.000000
vn 0.997061 -0.076606 0.000000
vn 0.997061 -0.076606 0.000000
vn 0.969317 -0.245814 0.000000
vn 0.969317 -0.245814 0.000000
vn 0.969317 -0.245814 0.000000
vn 0.969317 -0.245814 0.000000
vn 0.905116 -0.425164 0.000000
vn 0.905116 -0.425164 0.000000
vn 0.905116 -0.425164 0.000000
vn 0.905116 -0.425164 0.000000
vn 0.803821 -0.594871 0.000000
vn 0.803821 -0.594871 0.000000
vn 0.803821 -0.594871 0.000000
vn 0.803821 -0.594871 0.000000
vn 0.666932 -0.745118 0.000000
vn 0.666932 -0.745118 0.000000
vn 0.666932 -0.745118 0.000000
vn 0.666932 -0.745118 0.000000
vn 0.504376 -0.863484 0.000000
vn 0.504376 -0.863484 0.000000
vn 0.504376 -0.863484 0.000000
vn 0.504376 -0.863484 0.000000
vn 0.345550 -0.938401 0.000000
vn 0.345550 -0.938401 0.000000
vn 0.345550 -0.938401 0.000000
vn 0.345550 -0.938401 0.000000
vn 0.205142 -0.978732 0.000000
vn 0.205142 -0.978732 0.000000
vn 0.205142 -0.978732 0.000000
vn 0.205142 -0.978732 0.000000
vn 0.529947 0.848031 0.000000
vn 0.529947 0.848031 0.000000
vn 0.529947 0.848031 0.000000
vn 0.529947 0.848031 0.000000
vn 0.584625 0.811304 0.000000
vn 0.584625 0.811304 0.000000
vn 0.584625 0.811304 0.000000
vn 0.584625 0.811304 0.000000
vn 0.642129 0.766597 0.000000
vn 0.642129 0.766597 0.000000
vn 0.642129 0.766597 0.000000
vn 0.642129 0.766597 0.000000
vn 0.701406 0.712762 0.000000
vn 0.701406 0.712762 0.000000
vn 0.701406 0.712762 0.000000
vn 0.701406 0.712762 0.000000
vn 0.762233 0.647303 0.000000
vn 0.762233 0.647303 0.000000
vn 0.762233 0.647303 0.000000
vn 0.762233 0.647303 0.000000
vn 0.802491 0.596664 0.000000
vn 0.802491 0.596664 0.000000
vn 0.802491 0.596664 0.000000
vn 0.802491 0.596664 0.000000
vn 0.827138 0.561999 0.000000
vn 0.827138 0.561999 0.000000
vn 0.827138 0.561999 0.000000
vn 0.827138 0.561999 0.000000
vn 0.843620 0.536940 0.000000
vn 0.843620 0.536940 0.000000
vn 0.843620 0.536940 0.000000
vn 0.843620 0.536940 0.000000
vn 0.847665 0.530532 0.000000
vn 0.847665 0.530532 0.000000
vn 0.847665 0.530532 0.000000
vn 0.847665 0.530532 0.000000
vn 0.000000 -1.000000 0.000000
vn 0.000000 -1.000000 0.000000
vn 0.000000 -1.000000 0.000000
vn 0.000000 -1.000000 0.000000
vn -0.830445 -0.557101 -0.000000
vn -0.830445 -0.557101 -0.000000
vn -0.830445 -0.557101 -0.000000
vn -0.830445 -0.557101 -0.000000
vn -0.830235 -0.557414 -0.000000
vn -0.830235 -0.557414 -0.000000
vn -0.830235 -0.557414 -0.000000
vn -0.830235 -0.557414 -0.000000
vn -0.826016 -0.563647 -0.000000
vn -0.826016 -0.563647 -0.000000
vn -0.826016 -0.563647 -0.000000
vn -0.826016 -0.563647 -0.000000
vn -0.820778 -0.571247 -0.000000
vn -0.820778 -0.571247 -0.000000
vn -0.820778 -0.571247 -0.000000
vn -0.820778 -0.571247 -0.000000
vn -0.814105 -0.580718 -0.000000
vn -0.814105 -0.580718 -0.000000
vn -0.814105 -0.580718 -0.000000
vn -0.814105 -0.580718 -0.000000
vn -0.805322 -0.592838 -0.000000
vn -0.805322 -0.592838 -0.000000
vn -0.805322 -0.592838 -0.000000
vn -0.805322 -0.592838 -0.000000
vn -0.793260 -0.608884 -0.000000
vn -0.793260 -0.608884 -0.000000
vn -0.793260 -0.608884 -0.000000
vn -0.793260 -0.608884 -0.000000
vn -0.775712 -0.631087 -0.000000
vn -0.775712 -0.631087 -0.000000
vn -0.775712 -0.631087 -0.000000
vn -0.775712 -0.631087 -0.000000
vn -0.748000 -0.663699 -0.000000
vn -0.748000 -0.663699 -0.000000
vn -0.748000 -0.663699 -0.000000
vn -0.748000 -0.663699 -0.000000
vn -0.655097 -0.755545 -0.000000
vn -0.655097 -0.755545 -0.000000
vn -0.655097 -0.755545 -0.000000
vn -0.655097 -0.755545 -0.000000
vn -0.456909 -0.889514 -0.000000
vn -0.456909 -0.889514 -0.000000
vn -0.456909 -0.889514 -0.000000
vn -0.456909 -0.889514 -0.000000
vn -0.258848 -0.965918 -0.000000
vn -0.258848 -0.965918 -0.000000
vn -0.258848 -0.965918 -0.000000
vn -0.258848 -0.965918 -0.000000
vn -0.150753 -0.988572 -0.000000
vn -0.150753 -0.988572 -0.000000
vn -0.150753 -0.988572 -0.000000
vn -0.150753 -0.988572 -0.000000
vn -0.075818 -0.997122 -0.000000
vn -0.075818 -0.997122 -0.000000
vn -0.075818 -0.997122 -0.000000
vn -0.075818 -0.997122 -0.000000
vn -0.021677 -0.999765 -0.000000
vn -0.021677 -0.999765 -0.000000
vn -0.021677 -0.999765 -0.000000
vn -0.021677 -0.999765 -0.000000
vn 0.000000 -1.000000 0.000000
vn 0.000000 -1.000000 0.000000
vn 0.000000 -1.000000 0.000000
vn 0.000000 -1.000000 0.000000
vn 1.000000 0.000000 0.000000
vn 1.000000 0.000000 0.000000
vn 1.000000 0.000000 0.000000
vn 1.000000 0.000000 0.000000
vn 0.000000 -1.000000 0.000000
vn 0.000000 -1.000000 0.000000
vn 0.000000 -1.000000 0.000000
vn 0.000000 -1.000000 0.000000
vn 0.000000 1.000000 0.000000
vn 0.000000 1.000000 0.000000
vn 0.000000 1.000000 0.000000
vn 0.000000 1.000000 0.000000
vn -0.005542 0.999985 0.000000
vn -0.005542 0.999985 0.000000
vn -0.005542 0.999985 0.000000
vn -0.005542 0.999985 0.000000
vn -0.018439 0.999830 0.000000
vn -0.018439 0.999830 0.000000
vn -0.018439 0.999830 0.000000
vn -0.018439 0.999830 0.000000
vn -0.034489 0.999405 0.000000
vn -0.034489 0.999405 0.000000
vn -0.034489 0.999405 0.000000
vn -0.034489 0.999405 0.000000
vn -0.054987 0.998487 0.000000
vn -0.054987 0.998487 0.000000
vn -0.054987 0.998487 0.000000
vn -0.054987 0.998487 0.000000
vn -0.082040 0.996629 0.000000
vn -0.082040 0.996629 0.000000
vn -0.082040 0.996629 0.000000
vn -0.082040 0.996629 0.000000
vn -0.119288 0.992860 0.000000
vn -0.119288 0.992860 0.000000
vn -0.119288 0.992860 0.000000
vn -0.119288 0.992860 0.000000
vn -0.173531 0.984828 0.000000
vn -0.173531 0.984828 0.000000
vn -0.173531 0.984828 0.000000
vn -0.173531 0.984828 0.000000
vn -0.258736 0.965948 0.000000
vn -0.258736 0.965948 0.000000
vn -0.258736 0.965948 0.000000
vn -0.258736 0.965948 0.000000
vn -0.390314 0.920682 0.000000
vn -0.390314 0.920682 0.000000
vn -0.390314 0.920682 0.000000
vn -0.390314 0.920682 0.000000
vn -0.530214 0.847864 0.000000
vn -0.530214 0.847864 0.000000
vn -0.530214 0.847864 0.000000
vn -0.530214 0.847864 0.000000
vn -0.663462 0.748210 0.000000
vn -0.663462 0.748210 0.000000
vn -0.663462 0.748210 0.000000
vn -0.663462 0.748210 0.000000
vn -0.778300 0.627892 0.000000
vn -0.778300 0.627892 0.000000
vn -0.778300 0.627892 0.000000
vn -0.778300 0.627892 0.000000
vn -0.871949 0.489597 0.000000
vn -0.871949 0.489597 0.000000
vn -0.871949 0.489597 0.000000
vn -0.871949 0.489597 0.000000
vn -0.941231 0.337762 0.000000
vn -0.941231 0.337762 0.000000
vn -0.941231 0.337762 0.000000
vn -0.941231 0.337762 0.000000
vn -0.981549 0.191211 0.000000
vn -0.981549 0.191211 0.000000
vn -0.981549 0.191211 0.000000
vn -0.981549 0.191211 0.000000
vn -0.998247 0.059185 0.000000
vn -0.998247 0.059185 0.000000
vn -0.998247 0.059185 0.000000
vn -0.998247 0.059185 0.000000
vn -0.997552 -0.069926 -0.000000
vn -0.997552 -0.069926 -0.000000
vn -0.997552 -0.069926 -0.000000
vn -0.997552 -0.069926 -0.000000
vn -0.973706 -0.227807 -0.000000
vn -0.973706 -0.227807 -0.000000
vn -0.973706 -0.227807 -0.000000
vn -0.973706 -0.227807 -0.000000
vn -0.915525 -0.402261 -0.000000
vn -0.915525 -0.402261 -0.000000
vn -0.915525 -0.402261 -0.000000
vn -0.915525 -0.402261 -0.000000
vn -0.817516 -0.575906 -0.000000
vn -0.817516 -0.575906 -0.000000
vn -0.817516 -0.575906 -0.000000
vn -0.817516 -0.575906 -0.000000
vn -0.688120 -0.725597 -0.000000
vn -0.688120 -0.725597 -0.000000
vn -0.688120 -0.725597 -0.000000
vn -0.688120 -0.725597 -0.000000
vn -0.537403 -0.843325 -0.000000
vn -0.537403 -0.843325 -0.000000
vn -0.537403 -0.843325 -0.000000
vn -0.537403 -0.843325 -0.000000
vn -0.379875 -0.925038 -0.000000
vn -0.379875 -0.925038 -0.000000
vn -0.379875 -0.925038 -0.000000
vn -0.379875 -0.925038 -0.000000
vn -0.231782 -0.972768 -0.000000
vn -0.231782 -0.972768 -0.000000
vn -0.231782 -0.972768 -0.000000
vn -0.231782 -0.972768 -0.000000
vn -0.103606 -0.994618 -0.000000
vn -0.103606 -0.994618 -0.000000
vn -0.103606 -0.994618 -0.000000
vn -0.103606 -0.994618 -0.000000
vn -0.064350 -0.997927 -0.000000
vn -0.064350 -0.997927 -0.000000
vn -0.064350 -0.997927 -0.000000
vn -0.064350 -0.997927 -0.000000
vn -0.042400 -0.999101 -0.000000
vn -0.042400 -0.999101 -0.000000
vn -0.042400 -0.999101 -0.000000
vn -0.042400 -0.999101 -0.000000
vn -0.028398 -0.999597 -0.000000
vn -0.028398 -0.999597 -0.000000
vn -0.028398 -0.999597 -0.000000
vn -0.028398 -0.999597 -0.000000
vn -0.018693 -0.999825 -0.000000
vn -0.018693 -0.999825 -0.000000
vn -0.018693 -0.999825 -0.000000
vn -0.018693 -0.999825 -0.000000
vn -0.011573 -0.999933 -0.000000
vn -0.011573 -0.999933 -0.000000
vn -0.011573 -0.999933 -0.000000
vn -0.011573 -0.999933 -0.000000
vn -0.006127 -0.999981 -0.000000
vn -0.006127 -0.999981 -0.000000
vn -0.006127 -0.999981 -0.000000
vn -0.006127 -0.999981 -0.000000
vn -0.001827 -0.999998 -0.000000
vn -0.001827 -0.999998 -0.000000
vn -0.001827 -0.999998 -0.000000
vn -0.001827 -0.999998 -0.000000
vn 0.000000 -1.000000 0.000000
vn 0.000000 -1.000000 0.000000
vn 0.000000 -1.000000 0.000000
vn 0.000000 -1.000000 0.000000
vn 1.000000 0.000000 0.000000
vn 1.000000 0.000000 0.000000
vn 1.000000 0.000000 0.000000
vn 1.000000 0.000000 0.000000
vn 0.000000 0.000000 1.000000
vn 0.000000 0.000000 1.000000
vn 0.000000 0.000000 1.000000
vn 0.000000 0.000000 1.000000
vn 0.000000 0.000000 1.000000
vn 0.000000 0.000000 1.000000
vn 0.000000 0.000000 1.000000
vn 0.000000 0.000000 1.000000
vn 0.000000 0.000000 1.000000
vn 0.000000 0.000000 1.000000
vn 0.000000 0.000000 1.000000
vn 0.000000 0.000000 1.000000
vn 0.000000 0.000000 1.000000
vn 0.000000 0.000000 1.000000
vn 0.000000 0.000000 1.000000
vn 0.000000 0.000000 1.000000
vn 0.000000 0.000000 1.000000
vn 0.000000 0.000000 1.000000
vn 0.000000 0.000000 1.000000
vn 0.000000 0.000000 1.000000
vn 0.000000 0.000000 1.000000
vn 0.000000 0.000000 1.000000
vn 0.000000 0.000000 1.000000
vn 0.000000 0.000000 1.000000
vn 0.000000 0.000000 1.000000
vn 0.000000 0.000000 1.000000
vn 0.000000 0.000000 1.000000
vn 0.000000 0.000000 1.000000
vn 0.000000 0.000000 1.000000
vn 0.000000 0.000000 1.000000
vn 0.000000 0.000000 1.000000
vn 0.000000 0.000000 1.000000
vn 0.000000 0.000000 1.000000
vn 0.000000 0.000000 1.000000
vn 0.000000 0.000000 1.000000
vn 0.000000 0.000000 1.000000
vn 0.000000 0.000000 1.000000
vn 0.000000 0.000000 1.000000
vn 0.000000 0.000000 1.000000
vn 0.000000 0.000000 1.000000
vn 0.000000 0.000000 1.000000
vn 0.000000 0.000000 1.000000
vn 0.000000 0.000000 1.000000
vn 0.000000 0.000000 1.000000
vn 0.000000 0.000000 1.000000
vn 0.000000 0.000000 1.000000
vn 0.000000 0.000000 1.000000
vn 0.000000 0.000000 1.000000
vn 0.000000 0.000000 1.000000
vn 0.000000 0.000000 1.000000
vn 0.000000 0.000000 1.000000
vn 0.000000 0.000000 1.000000
vn 0.000000 0.000000 1.000000
vn 0.000000 0.000000 1.000000
vn 0.000000 0.000000 1.000000
vn 0.000000 0.000000 1.000000
vn 0.000000 0.000000 1.000000
vn 0.000000 0.000000 1.000000
vn 0.000000 0.000000 1.000000
vn 0.000000 0.000000 1.000000
vn 0.000000 0.000000 1.000000
vn 0.000000 0.000000 1.000000
vn 0.000000 0.000000 1.000000
vn 0.000000 0.000000 1.000000
vn 0.000000 0.000000 1.000000
vn 0.000000 0.000000 1.000000
vn 0.000000 0.000000 1.000000
vn 0.000000 0.000000 1.000000
vn 0.000000 0.000000 1.000000
vn 0.000000 0.000000 1.000000
vn 0.000000 0.000000 1.000000
vn 0.000000 0.000000 1.000000
vn 0.000000 0.000000 1.000000
vn 0.000000 0.000000 1.000000
vn 0.000000 0.000000 1.000000
vn 0.000000 0.000000 1.000000
vn 0.000000 0.000000 1.000000
vn 0.000000 0.000000 1.000000
vn 0.000000 0.000000 1.000000
vn 0.000000 0.000000 1.000000
vn 0.000000 0.000000 1.000000
vn 0.000000 0.000000 1.000000
vn 0.000000 0.000000 1.000000
vn 0.000000 0.000000 1.000000
vn 0.000000 0.000000 1.000000
vn 0.000000 0.000000 1.000000
vn 0.000000 0.000000 1.000000
vn 0.000000 0.000000 1.000000
vn 0.000000 0.000000 1.000000
vn 0.000000 0.000000 1.000000
vn 0.000000 0.000000 1.000000
vn 0.000000 0.000000 1.000000
vn 0.000000 0.000000 1.000000
vn 0.000000 0.000000 1.000000
vn 0.000000 0.000000 1.000000
vn 0.000000 0.000000 1.000000
vn 0.000000 0.000000 1.000000
vn 0.000000 0.000000 1.000000
vn 0.000000 0.000000 1.000000
vn 0.000000 0.000000 1.000000
vn 0.000000 0.000000 1.000000
vn 0.000000 0.000000 1.000000
vn 0.000000 0.000000 1.000000
vn 0.000000 0.000000 1.000000
vn 0.000000 0.000000 1.000000
vn 0.000000 0.000000 1.000000
vn 0.000000 0.000000 1.000000
vn 0.000000 0.000000 1.000000
vn 0.000000 0.000000 1.000000
vn 0.000000 0.000000 1.000000
vn 0.000000 0.000000 1.000000
vn 0.000000 0.000000 1.000000
vn 0.000000 0.000000 1.000000
vn 0.000000 0.000000 1.000000
vn 0.000000 0.000000 1.000000
vn 0.000000 0.000000 1.000000
vn 0.000000 0.000000 1.000000
vn 0.000000 0.000000 1.000000
vn 0.000000 0.000000 1.000000
vn 0.000000 0.000000 1.000000
vn 0.000000 0.000000 1.000000
vn 0.000000 0.000000 1.000000
vn 0.000000 0.000000 1.000000
vn 0.000000 0.000000 1.000000
vn 0.000000 0.000000 1.000000
vn 0.000000 0.000000 1.000000
vn 0.000000 0.000000 1.000000
vn 0.000000 0.000000 1.000000
vn 0.000000 0.000000 1.000000
vn 0.000000 0.000000 1.000000
vn 0.000000 0.000000 1.000000
vn 0.000000 0.000000 1.000000
vn 0.000000 0.000000 1.000000
vn 0.000000 0.000000 1.000000
vn 0.000000 0.000000 1.000000
vn 0.000000 0.000000 1.000000
vn 0.000000 0.000000 1.000000
vn 0.000000 0.000000 1.000000
vn 0.000000 0.000000 1.000000
vn 0.000000 0.000000 1.000000
vn 0.000000 0.000000 1.000000
vn 0.000000 0.000000 1.000000
vn 0.000000 0.000000 1.000000
vn 0.000000 0.000000 1.000000
vn 0.000000 0.000000 1.000000
vn 0.000000 0.000000 1.000000
vn 0.000000 0.000000 1.000000
vn 0.000000 0.000000 1.000000
vn 0.000000 0.000000 1.000000
vn 0.000000 0.000000 1.000000
vn 0.000000 0.000000 1.000000
vn 0.000000 0.000000 1.000000
vn 0.000000 0.000000 1.000000
vn 0.000000 0.000000 1.000000
vn 0.000000 0.000000 1.000000
vn 0.000000 0.000000 1.000000
vn 0.000000 0.000000 1.000000
vn 0.000000 0.000000 1.000000
vn 0.000000 0.000000 1.000000
vn 0.000000 0.000000 1.000000
vn 0.000000 0.000000 1.000000
vn 0.000000 0.000000 1.000000
vn 0.000000 0.000000 1.000000
vn 0.000000 0.000000 1.000000
vn 0.000000 0.000000 1.000000
vn 0.000000 0.000000 1.000000
vn 0.000000 0.000000 1.000000
vn 0.000000 0.000000 1.000000
vn 0.000000 0.000000 1.000000
vn 0.000000 0.000000 1.000000
vn 0.000000 0.000000 1.000000
vn 0.000000 0.000000 1.000000
vn 0.000000 0.000000 1.000000
vn 0.000000 0.000000 1.000000
vn 0.000000 0.000000 1.000000
vn 0.000000 0.000000 1.000000
vn 0.000000 0.000000 1.000000
vn 0.000000 0.000000 1.000000
vn 0.000000 0.000000 1.000000
vn 0.000000 0.000000 1.000000
vn 0.000000 0.000000 1.000000
vn 0.000000 0.000000 1.000000
vn 0.000000 0.000000 1.000000
vn 0.000000 0.000000 1.000000
vn 0.000000 0.000000 1.000000
vn 0.000000 0.000000 1.000000
vn 0.000000 0.000000 1.000000
vn 0.000000 0.000000 1.000000
vn 0.000000 0.000000 1.000000
vn 0.000000 0.000000 1.000000
vn 0.000000 0.000000 1.000000
vn 0.000000 0.000000 1.000000
vn 0.000000 0.000000 1.000000
vn 0.000000 0.000000 1.000000
vn 0.000000 0.000000 1.000000
vn 0.000000 0.000000 1.000000
vn 0.000000 0.000000 1.000000
vn 0.000000 0.000000 1.000000
vn 0.000000 0.000000 1.000000
vn 0.000000 0.000000 1.000000
vn 0.000000 0.000000 1.000000
vn 0.000000 0.000000 1.000000
vn 0.000000 0.000000 1.000000
vn 0.000000 0.000000 1.000000
vn 0.000000 0.000000 1.000000
vn 0.000000 0.000000 1.000000
vn 0.000000 0.000000 1.000000
vn 0.000000 0.000000 1.000000
vn 0.000000 0.000000 1.000000
vn 0.000000 0.000000 1.000000
vn 0.000000 0.000000 1.000000
vn 0.000000 0.000000 1.000000
vn 0.000000 0.000000 1.000000
vn 0.000000 0.000000 1.000000
vn 0.000000 0.000000 1.000000
vn 0.000000 0.000000 1.000000
vn 0.000000 0.000000 1.000000
vn 0.000000 0.000000 1.000000
vn 0.000000 0.000000 1.000000
vn 0.000000 0.000000 1.000000
vn 0.000000 0.000000 1.000000
vn 0.000000 0.000000 1.000000
vn 0.000000 0.000000 1.000000
vn 0.000000 0.000000 1.000000
vn 0.000000 0.000000 1.000000
vn 0.000000 0.000000 1.000000
vn 0.000000 0.000000 1.000000
vn 0.000000 0.000000 1.000000
vn 0.000000 0.000000 1.000000
vn 0.000000 0.000000 1.000000
vn 0.000000 0.000000 1.000000
vn 0.000000 0.000000 1.000000
vn 0.000000 0.000000 1.000000
vn 0.000000 0.000000 1.000000
vn 0.000000 0.000000 1.000000
vn 0.000000 0.000000 1.000000
vn 0.000000 0.000000 1.000000
vn 0.000000 0.000000 1.000000
vn 0.000000 0.000000 1.000000
vn 0.000000 0.000000 1.000000
vn 0.000000 0.000000 1.000000
vn 0.000000 0.000000 1.000000
vn 0.000000 0.000000 1.000000
vn 0.000000 0.000000 1.000000
vn 0.000000 0.000000 1.000000
vn 0.000000 0.000000 1.000000
vn 0.000000 0.000000 1.000000
vn 0.000000 0.000000 1.000000
vn 0.000000 0.000000 1.000000
vn 0.000000 0.000000 1.000000
vn 0.000000 0.000000 1.000000
vn 0.000000 0.000000 1.000000
vn 0.000000 0.000000 1.000000
vn 0.000000 0.000000 1.000000
vn 0.000000 0.000000 1.000000
vn 0.000000 0.000000 1.000000
vn 0.000000 0.000000 -1.000000
vn 0.000000 0.000000 -1.000000
vn 0.000000 0.000000 -1.000000
vn 0.000000 0.000000 -1.000000
vn 0.000000 0.000000 -1.000000
vn 0.000000 0.000000 -1.000000
vn 0.000000 0.000000 -1.000000
vn 0.000000 0.000000 -1.000000
vn 0.000000 0.000000 -1.000000
vn 0.000000 0.000000 -1.000000
vn 0.000000 0.000000 -1.000000
vn 0.000000 0.000000 -1.000000
vn 0.000000 0.000000 -1.000000
vn 0.000000 0.000000 -1.000000
vn 0.000000 0.000000 -1.000000
vn 0.000000 0.000000 -1.000000
vn 0.000000 0.000000 -1.000000
vn 0.000000 0.000000 -1.000000
vn 0.000000 0.000000 -1.000000
vn 0.000000 0.000000 -1.000000
vn 0.000000 0.000000 -1.000000
vn 0.000000 0.000000 -1.000000
vn 0.000000 0.000000 -1.000000
vn 0.000000 0.000000 -1.000000
vn 0.000000 0.000000 -1.000000
vn 0.000000 0.000000 -1.000000
vn 0.000000 0.000000 -1.000000
vn 0.000000 0.000000 -1.000000
vn 0.000000 0.000000 -1.000000
vn 0.000000 0.000000 -1.000000
vn 0.000000 0.000000 -1.000000
vn 0.000000 0.000000 -1.000000
vn 0.000000 0.000000 -1.000000
vn 0.000000 0.000000 -1.000000
vn 0.000000 0.000000 -1.000000
vn 0.000000 0.000000 -1.000000
vn 0.000000 0.000000 -1.000000
vn 0.000000 0.000000 -1.000000
vn 0.000000 0.000000 -1.000000
vn 0.000000 0.000000 -1.000000
vn 0.000000 0.000000 -1.000000
vn 0.000000 0.000000 -1.000000
vn 0.000000 0.000000 -1.000000
vn 0.000000 0.000000 -1.000000
vn 0.000000 0.000000 -1.000000
vn 0.000000 0.000000 -1.000000
vn 0.000000 0.000000 -1.000000
vn 0.000000 0.000000 -1.000000
vn 0.000000 0.000000 -1.000000
vn 0.000000 0.000000 -1.000000
vn 0.000000 0.000000 -1.000000
vn 0.000000 0.000000 -1.000000
vn 0.000000 0.000000 -1.000000
vn 0.000000 0.000000 -1.000000
vn 0.000000 0.000000 -1.000000
vn 0.000000 0.000000 -1.000000
vn 0.000000 0.000000 -1.000000
vn 0.000000 0.000000 -1.000000
vn 0.000000 0.000000 -1.000000
vn 0.000000 0.000000 -1.000000
vn 0.000000 0.000000 -1.000000
vn 0.000000 0.000000 -1.000000
vn 0.000000 0.000000 -1.000000
vn 0.000000 0.000000 -1.000000
vn 0.000000 0.000000 -1.000000
vn 0.000000 0.000000 -1.000000
vn 0.000000 0.000000 -1.000000
vn 0.000000 0.000000 -1.000000
vn 0.000000 0.000000 -1.000000
vn 0.000000 0.000000 -1.000000
vn 0.000000 0.000000 -1.000000
vn 0.000000 0.000000 -1.000000
vn 0.000000 0.000000 -1.000000
vn 0.000000 0.000000 -1.000000
vn 0.000000 0.000000 -1.000000
vn 0.000000 0.000000 -1.000000
vn 0.000000 0.000000 -1.000000
vn 0.000000 0.000000 -1.000000
vn 0.000000 0.000000 -1.000000
vn 0.000000 0.000000 -1.000000
vn 0.000000 0.000000 -1.000000
vn 0.000000 0.000000 -1.000000
vn 0.000000 0.000000 -1.000000
vn 0.000000 0.000000 -1.000000
vn 0.000000 0.000000 -1.000000
vn 0.000000 0.000000 -1.000000
vn 0.000000 0.000000 -1.000000
vn 0.000000 0.000000 -1.000000
vn 0.000000 0.000000 -1.000000
vn 0.000000 0.000000 -1.000000
vn 0.000000 0.000000 -1.000000
vn 0.000000 0.000000 -1.000000
vn 0.000000 0.000000 -1.000000
vn 0.000000 0.000000 -1.000000
vn 0.000000 0.000000 -1.000000
vn 0.000000 0.000000 -1.000000
vn 0.000000 0.000000 -1.000000
vn 0.000000 0.000000 -1.000000
vn 0.000000 0.000000 -1.000000
vn 0.000000 0.000000 -1.000000
vn 0.000000 0.000000 -1.000000
vn 0.000000 0.000000 -1.000000
vn 0.000000 0.000000 -1.000000
vn 0.000000 0.000000 -1.000000
vn 0.000000 0.000000 -1.000000
vn 0.000000 0.000000 -1.000000
vn 0.000000 0.000000 -1.000000
vn 0.000000 0.000000 -1.000000
vn 0.000000 0.000000 -1.000000
vn 0.000000 0.000000 -1.000000
vn 0.000000 0.000000 -1.000000
vn 0.000000 0.000000 -1.000000
vn 0.000000 0.000000 -1.000000
vn 0.000000 0.000000 -1.000000
vn 0.000000 0.000000 -1.000000
vn 0.000000 0.000000 -1.000000
vn 0.000000 0.000000 -1.000000
vn 0.000000 0.000000 -1.000000
vn 0.000000 0.000000 -1.000000
vn 0.000000 0.000000 -1.000000
vn 0.000000 0.000000 -1.000000
vn 0.000000 0.000000 -1.000000
vn 0.000000 0.000000 -1.000000
vn 0.000000 0.000000 -1.000000
vn 0.000000 0.000000 -1.000000
vn 0.000000 0.000000 -1.000000
vn 0.000000 0.000000 -1.000000
vn 0.000000 0.000000 -1.000000
vn 0.000000 0.000000 -1.000000
vn 0.000000 0.000000 -1.000000
vn 0.000000 0.000000 -1.000000
vn 0.000000 0.000000 -1.000000
vn 0.000000 0.000000 -1.000000
vn 0.000000 0.000000 -1.000000
vn 0.000000 0.000000 -1.000000
vn 0.000000 0.000000 -1.000000
vn 0.000000 0.000000 -1.000000
vn 0.000000 0.000000 -1.000000
vn 0.000000 0.000000 -1.000000
vn 0.000000 0.000000 -1.000000
vn 0.000000 0.000000 -1.000000
vn 0.000000 0.000000 -1.000000
vn 0.000000 0.000000 -1.000000
vn 0.000000 0.000000 -1.000000
vn 0.000000 0.000000 -1.000000
vn 0.000000 0.000000 -1.000000
vn 0.000000 0.000000 -1.000000
vn 0.000000 0.000000 -1.000000
vn 0.000000 0.000000 -1.000000
vn 0.000000 0.000000 -1.000000
vn 0.000000 0.000000 -1.000000
vn 0.000000 0.000000 -1.000000
vn 0.000000 0.000000 -1.000000
vn 0.000000 0.000000 -1.000000
vn 0.000000 0.000000 -1.000000
vn 0.000000 0.000000 -1.000000
vn 0.000000 0.000000 -1.000000
vn 0.000000 0.000000 -1.000000
vn 0.000000 0.000000 -1.000000
vn 0.000000 0.000000 -1.000000
vn 0.000000 0.000000 -1.000000
vn 0.000000 0.000000 -1.000000
vn 0.000000 0.000000 -1.000000
vn 0.000000 0.000000 -1.000000
vn 0.000000 0.000000 -1.000000
vn 0.000000 0.000000 -1.000000
vn 0.000000 0.000000 -1.000000
vn 0.000000 0.000000 -1.000000
vn 0.000000 0.000000 -1.000000
vn 0.000000 0.000000 -1.000000
vn 0.000000 0.000000 -1.000000
vn 0.000000 0.000000 -1.000000
vn 0.000000 0.000000 -1.000000
vn 0.000000 0.000000 -1.000000
vn 0.000000 0.000000 -1.000000
vn 0.000000 0.000000 -1.000000
vn 0.000000 0.000000 -1.000000
vn 0.000000 0.000000 -1.000000
vn 0.000000 0.000000 -1.000000
vn 0.000000 0.000000 -1.000000
vn 0.000000 0.000000 -1.000000
vn 0.000000 0.000000 -1.000000
vn 0.000000 0.000000 -1.000000
vn 0.000000 0.000000 -1.000000
vn 0.000000 0.000000 -1.000000
vn 0.000000 0.000000 -1.000000
vn 0.000000 0.000000 -1.000000
vn 0.000000 0.000000 -1.000000
vn 0.000000 0.000000 -1.000000
vn 0.000000 0.000000 -1.000000
vn 0.000000 0.000000 -1.000000
vn 0.000000 0.000000 -1.000000
vn 0.000000 0.000000 -1.000000
vn 0.000000 0.000000 -1.000000
vn 0.000000 0.000000 -1.000000
vn 0.000000 0.000000 -1.000000
vn 0.000000 0.000000 -1.000000
vn 0.000000 0.000000 -1.000000
vn 0.000000 0.000000 -1.000000
vn 0.000000 0.000000 -1.000000
vn 0.000000 0.000000 -1.000000
vn 0.000000 0.000000 -1.000000
vn 0.000000 0.000000 -1.000000
vn 0.000000 0.000000 -1.000000
vn 0.000000 0.000000 -1.000000
vn 0.000000 0.000000 -1.000000
vn 0.000000 0.000000 -1.000000
vn 0.000000 0.000000 -1.000000
vn 0.000000 0.000000 -1.000000
vn 0.000000 0.000000 -1.000000
vn 0.000000 0.000000 -1.000000
vn 0.000000 0.000000 -1.000000
vn 0.000000 0.000000 -1.000000
vn 0.000000 0.000000 -1.000000
vn 0.000000 0.000000 -1.000000
vn 0.000000 0.000000 -1.000000
vn 0.000000 0.000000 -1.000000
vn 0.000000 0.000000 -1.000000
vn 0.000000 0.000000 -1.000000
vn 0.000000 0.000000 -1.000000
vn 0.000000 0.000000 -1.000000
vn 0.000000 0.000000 -1.000000
vn 0.000000 0.000000 -1.000000
vn 0.000000 0.000000 -1.000000
vn 0.000000 0.000000 -1.000000
vn 0.000000 0.000000 -1.000000
vn 0.000000 0.000000 -1.000000
vn 0.000000 0.000000 -1.000000
vn 0.000000 0.000000 -1.000000
vn 0.000000 0.000000 -1.000000
vn 0.000000 0.000000 -1.000000
vn 0.000000 0.000000 -1.000000
vn 0.000000 0.000000 -1.000000
vn 0.000000 0.000000 -1.000000
vn 0.000000 0.000000 -1.000000
vn 0.000000 0.000000 -1.000000
vn 0.000000 0.000000 -1.000000
vn 0.000000 0.000000 -1.000000
vn 0.000000 0.000000 -1.000000
vn 0.000000 0.000000 -1.000000
vn 0.000000 0.000000 -1.000000
vn 0.000000 0.000000 -1.000000
vn 0.000000 0.000000 -1.000000
vn 0.000000 0.000000 -1.000000
vn 0.000000 0.000000 -1.000000
vn 0.000000 0.000000 -1.000000
vn 0.000000 0.000000 -1.000000
vn 0.000000 0.000000 -1.000000
vn 0.000000 0.000000 -1.000000
vn 0.000000 0.000000 -1.000000
vn 0.000000 0.000000 -1.000000
vn 0.000000 0.000000 -1.000000
vn 0.000000 0.000000 -1.000000
vn 0.000000 0.000000 -1.000000
vn 0.000000 0.000000 -1.000000
vn 0.000000 0.000000 -1.000000
vn 0.000000 1.000000 0.000000
vn 0.000000 1.000000 0.000000
vn 0.000000 1.000000 0.000000
vn 0.000000 1.000000 0.000000
vn 0.879836 -0.475278 0.000000
vn 0.879836 -0.475278 0.000000
vn 0.879836 -0.475278 0.000000
vn 0.879836 -0.475278 0.000000
vn 0.840830 -0.541299 0.000000
vn 0.840830 -0.541299 0.000000
vn 0.840830 -0.541299 0.000000
vn 0.840830 -0.541299 0.000000
vn 0.796037 -0.605249 0.000000
vn 0.796037 -0.605249 0.000000
vn 0.796037 -0.605249 0.000000
vn 0.796037 -0.605249 0.000000
vn 0.746078 -0.665858 0.000000
vn 0.746078 -0.665858 0.000000
vn 0.746078 -0.665858 0.000000
vn 0.746078 -0.665858 0.000000
vn 0.691875 -0.722018 0.000000
vn 0.691875 -0.722018 0.000000
vn 0.691875 -0.722018 0.000000
vn 0.691875 -0.722018 0.000000
vn 0.634555 -0.772877 0.000000
vn 0.634555 -0.772877 0.000000
vn 0.634555 -0.772877 0.000000
vn 0.634555 -0.772877 0.000000
vn 0.575351 -0.817907 0.000000
vn 0.575351 -0.817907 0.000000
vn 0.575351 -0.817907 0.000000
vn 0.575351 -0.817907 0.000000
vn 0.515478 -0.856903 0.000000
vn 0.515478 -0.856903 0.000000
vn 0.515478 -0.856903 0.000000
vn 0.515478 -0.856903 0.000000
vn 0.453062 -0.891479 0.000000
vn 0.453062 -0.891479 0.000000
vn 0.453062 -0.891479 0.000000
vn 0.453062 -0.891479 0.000000
vn 0.385764 -0.922597 0.000000
vn 0.385764 -0.922597 0.000000
vn 0.385764 -0.922597 0.000000
vn 0.385764 -0.922597 0.000000
vn 0.319127 -0.947712 0.000000
vn 0.319127 -0.947712 0.000000
vn 0.319127 -0.947712 0.000000
vn 0.319127 -0.947712 0.000000
vn 0.254198 -0.967152 0.000000
vn 0.254198 -0.967152 0.000000
vn 0.254198 -0.967152 0.000000
vn 0.254198 -0.967152 0.000000
vn 0.191803 -0.981433 0.000000
vn 0.191803 -0.981433 0.000000
vn 0.191803 -0.981433 0.000000
vn 0.191803 -0.981433 0.000000
vn 0.132532 -0.991179 0.000000
vn 0.132532 -0.991179 0.000000
vn 0.132532 -0.991179 0.000000
vn 0.132532 -0.991179 0.000000
vn 0.076756 -0.997050 0.000000
vn 0.076756 -0.997050 0.000000
vn 0.076756 -0.997050 0.000000
vn 0.076756 -0.997050 0.000000
vn 0.024656 -0.999696 0.000000
vn 0.024656 -0.999696 0.000000
vn 0.024656 -0.999696 0.000000
vn 0.024656 -0.999696 0.000000
vn -0.021479 -0.999769 -0.000000
vn -0.021479 -0.999769 -0.000000
vn -0.021479 -0.999769 -0.000000
vn -0.021479 -0.999769 -0.000000
vn -0.066618 -0.997779 -0.000000
vn -0.066618 -0.997779 -0.000000
vn -0.066618 -0.997779 -0.000000
vn -0.066618 -0.997779 -0.000000
vn -0.114663 -0.993404 -0.000000
vn -0.114663 -0.993404 -0.000000
vn -0.114663 -0.993404 -0.000000
vn -0.114663 -0.993404 -0.000000
vn -0.165534 -0.986204 -0.000000
vn -0.165534 -0.986204 -0.000000
vn -0.165534 -0.986204 -0.000000
vn -0.165534 -0.986204 -0.000000
vn -0.219045 -0.975715 -0.000000
vn -0.219045 -0.975715 -0.000000
vn -0.219045 -0.975715 -0.000000
vn -0.219045 -0.975715 -0.000000
vn -0.274884 -0.961477 -0.000000
vn -0.274884 -0.961477 -0.000000
vn -0.274884 -0.961477 -0.000000
vn -0.274884 -0.961477 -0.000000
vn -0.332598 -0.943069 -0.000000
vn -0.332598 -0.943069 -0.000000
vn -0.332598 -0.943069 -0.000000
vn -0.332598 -0.943069 -0.000000
vn -0.391587 -0.920141 -0.000000
vn -0.391587 -0.920141 -0.000000
vn -0.391587 -0.920141 -0.000000
vn -0.391587 -0.920141 -0.000000
vn -0.453247 -0.891385 -0.000000
vn -0.453247 -0.891385 -0.000000
vn -0.453247 -0.891385 -0.000000
vn -0.453247 -0.891385 -0.000000
vn -0.518007 -0.855377 -0.000000
vn -0.518007 -0.855377 -0.000000
vn -0.518007 -0.855377 -0.000000
vn -0.518007 -0.855377 -0.000000
vn -0.582977 -0.812489 -0.000000
vn -0.582977 -0.812489 -0.000000
vn -0.582977 -0.812489 -0.000000
vn -0.582977 -0.812489 -0.000000
vn -0.646734 -0.762716 -0.000000
vn -0.646734 -0.762716 -0.000000
vn -0.646734 -0.762716 -0.000000
vn -0.646734 -0.762716 -0.000000
vn -0.707753 -0.706460 -0.000000
vn -0.707753 -0.706460 -0.000000
vn -0.707753 -0.706460 -0.000000
vn -0.707753 -0.706460 -0.000000
vn -0.764555 -0.644559 -0.000000
vn -0.764555 -0.644559 -0.000000
vn -0.764555 -0.644559 -0.000000
vn -0.764555 -0.644559 -0.000000
vn -0.815872 -0.578232 -0.000000
vn -0.815872 -0.578232 -0.000000
vn -0.815872 -0.578232 -0.000000
vn -0.815872 -0.578232 -0.000000
vn -0.860784 -0.508970 -0.000000
vn -0.860784 -0.508970 -0.000000
vn -0.860784 -0.508970 -0.000000
vn -0.860784 -0.508970 -0.000000
vn -0.908318 -0.418281 -0.000000
vn -0.908318 -0.418281 -0.000000
vn -0.908318 -0.418281 -0.000000
vn -0.908318 -0.418281 -0.000000
vn -0.953722 -0.300689 -0.000000
vn -0.953722 -0.300689 -0.000000
vn -0.953722 -0.300689 -0.000000
vn -0.953722 -0.300689 -0.000000
vn -0.983902 -0.178706 -0.000000
vn -0.983902 -0.178706 -0.000000
vn -0.983902 -0.178706 -0.000000
vn -0.983902 -0.178706 -0.000000
vn -0.998309 -0.058125 -0.000000
vn -0.998309 -0.058125 -0.000000
vn -0.998309 -0.058125 -0.000000
vn -0.998309 -0.058125 -0.000000
vn -0.999555 0.029824 0.000000
vn -0.999555 0.029824 0.000000
vn -0.999555 0.029824 0.000000
vn -0.999555 0.029824 0.000000
vn -0.995877 0.090710 0.000000
vn -0.995877 0.090710 0.000000
vn -0.995877 0.090710 0.000000
vn -0.995877 0.090710 0.000000
vn -0.988271 0.152713 0.000000
vn -0.988271 0.152713 0.000000
vn -0.988271 0.152713 0.000000
vn -0.988271 0.152713 0.000000
vn -0.976588 0.215120 0.000000
vn -0.976588 0.215120 0.000000
vn -0.976588 0.215120 0.000000
vn -0.976588 0.215120 0.000000
vn -0.960822 0.277167 0.000000
vn -0.960822 0.277167 0.000000
vn -0.960822 0.277167 0.000000
vn -0.960822 0.277167 0.000000
vn -0.941116 0.338085 0.000000
vn -0.941116 0.338085 0.000000
vn -0.941116 0.338085 0.000000
vn -0.941116 0.338085 0.000000
vn -0.917755 0.397146 0.000000
vn -0.917755 0.397146 0.000000
vn -0.917755 0.397146 0.000000
vn -0.917755 0.397146 0.000000
vn -0.891151 0.453706 0.000000
vn -0.891151 0.453706 0.000000
vn -0.891151 0.453706 0.000000
vn -0.891151 0.453706 0.000000
vn -0.860448 0.509539 0.000000
vn -0.860448 0.509539 0.000000
vn -0.860448 0.509539 0.000000
vn -0.860448 0.509539 0.000000
vn -0.823598 0.567175 0.000000
vn -0.823598 0.567175 0.000000
vn -0.823598 0.567175 0.000000
vn -0.823598 0.567175 0.000000
vn -0.781101 0.624404 0.000000
vn -0.781101 0.624404 0.000000
vn -0.781101 0.624404 0.000000
vn -0.781101 0.624404 0.000000
vn -0.733078 0.680145 0.000000
vn -0.733078 0.680145 0.000000
vn -0.733078 0.680145 0.000000
vn -0.733078 0.680145 0.000000
vn -0.679928 0.733279 0.000000
vn -0.679928 0.733279 0.000000
vn -0.679928 0.733279 0.000000
vn -0.679928 0.733279 0.000000
vn -0.622340 0.782747 0.000000
vn -0.622340 0.782747 0.000000
vn -0.622340 0.782747 0.000000
vn -0.622340 0.782747 0.000000
vn -0.561252 0.827645 0.000000
vn -0.561252 0.827645 0.000000
vn -0.561252 0.827645 0.000000
vn -0.561252 0.827645 0.000000
vn -0.497774 0.867307 0.000000
vn -0.497774 0.867307 0.000000
vn -0.497774 0.867307 0.000000
vn -0.497774 0.867307 0.000000
vn -0.435983 0.899955 0.000000
vn -0.435983 0.899955 0.000000
vn -0.435983 0.899955 0.000000
vn -0.435983 0.899955 0.000000
vn -0.375879 0.926669 0.000000
vn -0.375879 0.926669 0.000000
vn -0.375879 0.926669 0.000000
vn -0.375879 0.926669 0.000000
vn -0.315061 0.949072 0.000000
vn -0.315061 0.949072 0.000000
vn -0.315061 0.949072 0.000000
vn -0.315061 0.949072 0.000000
vn -0.254339 0.967115 0.000000
vn -0.254339 0.967115 0.000000
vn -0.254339 0.967115 0.000000
vn -0.254339 0.967115 0.000000
vn -0.194467 0.980909 0.000000
vn -0.194467 0.980909 0.000000
vn -0.194467 0.980909 0.000000
vn -0.194467 0.980909 0.000000
vn -0.136103 0.990695 0.000000
vn -0.136103 0.990695 0.000000
vn -0.136103 0.990695 0.000000
vn -0.136103 0.990695 0.000000
vn -0.079784 0.996812 0.000000
vn -0.079784 0.996812 0.000000
vn -0.079784 0.996812 0.000000
vn -0.079784 0.996812 0.000000
vn -0.025920 0.999664 0.000000
vn -0.025920 0.999664 0.000000
vn -0.025920 0.999664 0.000000
vn -0.025920 0.999664 0.000000
vn 0.049938 0.998752 0.000000
vn 0.049938 0.998752 0.000000
vn 0.049938 0.998752 0.000000
vn 0.049938 0.998752 0.000000
vn 0.157115 0.987580 0.000000
vn 0.157115 0.987580 0.000000
vn 0.157115 0.987580 0.000000
vn 0.157115 0.987580 0.000000
vn 0.271645 0.962398 0.000000
vn 0.271645 0.962398 0.000000
vn 0.271645 0.962398 0.000000
vn 0.271645 0.962398 0.000000
vn 0.389122 0.921186 0.000000
vn 0.389122 0.921186 0.000000
vn 0.389122 0.921186 0.000000
vn 0.389122 0.921186 0.000000
vn 0.506394 0.862302 0.000000
vn 0.506394 0.862302 0.000000
vn 0.506394 0.862302 0.000000
vn 0.506394 0.862302 0.000000
vn 0.624363 0.781134 0.000000
vn 0.624363 0.781134 0.000000
vn 0.624363 0.781134 0.000000
vn 0.624363 0.781134 0.000000
vn 0.734486 0.678624 0.000000
vn 0.734486 0.678624 0.000000
vn 0.734486 0.678624 0.000000
vn 0.734486 0.678624 0.000000
vn 0.828429 0.560094 0.000000
vn 0.828429 0.560094 0.000000
vn 0.828429 0.560094 0.000000
vn 0.828429 0.560094 0.000000
vn 0.897864 0.440272 0.000000
vn 0.897864 0.440272 0.000000
vn 0.897864 0.440272 0.000000
vn 0.897864 0.440272 0.000000
vn 0.948191 0.317701 0.000000
vn 0.948191 0.317701 0.000000
vn 0.948191 0.317701 0.000000
vn 0.948191 0.317701 0.000000
vn 0.981939 0.189198 0.000000
vn 0.981939 0.189198 0.000000
vn 0.981939 0.189198 0.000000
vn 0.981939 0.189198 0.000000
vn 0.998104 0.061545 0.000000
vn 0.998104 0.061545 0.000000
vn 0.998104 0.061545 0.000000
vn 0.998104 0.061545 0.000000
vn 0.999242 -0.038919 0.000000
vn 0.999242 -0.038919 0.000000
vn 0.999242 -0.038919 0.000000
vn 0.999242 -0.038919 0.000000
vn 0.992905 -0.118906 0.000000
vn 0.992905 -0.118906 0.000000
vn 0.992905 -0.118906 0.000000
vn 0.992905 -0.118906 0.000000
vn 0.979686 -0.200536 0.000000
vn 0.979686 -0.200536 0.000000
vn 0.979686 -0.200536 0.000000
vn 0.979686 -0.200536 0.000000
vn 0.959374 -0.282139 0.000000
vn 0.959374 -0.282139 0.000000
vn 0.959374 -0.282139 0.000000
vn 0.959374 -0.282139 0.000000
vn 0.932192 -0.361964 0.000000
vn 0.932192 -0.361964 0.000000
vn 0.932192 -0.361964 0.000000
vn 0.932192 -0.361964 0.000000
vn 0.898800 -0.438359 0.000000
vn 0.898800 -0.438359 0.000000
vn 0.898800 -0.438359 0.000000
vn 0.898800 -0.438359 0.000000
vn 0.860214 -0.509933 0.000000
vn 0.860214 -0.509933 0.000000
vn 0.860214 -0.509933 0.000000
vn 0.860214 -0.509933 0.000000
vn 0.817679 -0.575675 0.000000
vn 0.817679 -0.575675 0.000000
vn 0.817679 -0.575675 0.000000
vn 0.817679 -0.575675 0.000000
vn 0.766962 -0.641692 0.000000
vn 0.766962 -0.641692 0.000000
vn 0.766962 -0.641692 0.000000
vn 0.766962 -0.641692 0.000000
vn 0.696210 -0.717838 0.000000
vn 0.696210 -0.717838 0.000000
vn 0.696210 -0.717838 0.000000
vn 0.696210 -0.717838 0.000000
vn 0.610846 -0.791750 0.000000
vn 0.610846 -0.791750 0.000000
vn 0.610846 -0.791750 0.000000
vn 0.610846 -0.791750 0.000000
vn 0.511695 -0.859167 0.000000
vn 0.511695 -0.859167 0.000000
vn 0.511695 -0.859167 0.000000
vn 0.511695 -0.859167 0.000000
vn 0.401548 -0.915838 0.000000
vn 0.401548 -0.915838 0.000000
vn 0.401548 -0.915838 0.000000
vn 0.401548 -0.915838 0.000000
vn 0.284954 -0.958541 0.000000
vn 0.284954 -0.958541 0.000000
vn 0.284954 -0.958541 0.000000
vn 0.284954 -0.958541 0.000000
vn 0.167356 -0.985897 0.000000
vn 0.167356 -0.985897 0.000000
vn 0.167356 -0.985897 0.000000
vn 0.167356 -0.985897 0.000000
vn 0.053897 -0.998546 0.000000
vn 0.053897 -0.998546 0.000000
vn 0.053897 -0.998546 0.000000
vn 0.053897 -0.998546 0.000000
vn -0.046499 -0.998918 -0.000000
vn -0.046499 -0.998918 -0.000000
vn -0.046499 -0.998918 -0.000000
vn -0.046499 -0.998918 -0.000000
vn -0.158773 -0.987315 -0.000000
vn -0.158773 -0.987315 -0.000000
vn -0.158773 -0.987315 -0.000000
vn -0.158773 -0.987315 -0.000000
vn -0.301231 -0.953551 -0.000000
vn -0.301231 -0.953551 -0.000000
vn -0.301231 -0.953551 -0.000000
vn -0.301231 -0.953551 -0.000000
vn -0.474100 -0.880471 -0.000000
vn -0.474100 -0.880471 -0.000000
vn -0.474100 -0.880471 -0.000000
vn -0.474100 -0.880471 -0.000000
vn -0.643600 -0.765362 -0.000000
vn -0.643600 -0.765362 -0.000000
vn -0.643600 -0.765362 -0.000000
vn -0.643600 -0.765362 -0.000000
vn -0.778923 -0.627120 -0.000000
vn -0.778923 -0.627120 -0.000000
vn -0.778923 -0.627120 -0.000000
vn -0.778923 -0.627120 -0.000000
vn -0.882087 -0.471087 -0.000000
vn -0.882087 -0.471087 -0.000000
vn -0.882087 -0.471087 -0.000000
vn -0.882087 -0.471087 -0.000000
vn -0.948908 -0.315552 -0.000000
vn -0.948908 -0.315552 -0.000000
vn -0.948908 -0.315552 -0.000000
vn -0.948908 -0.315552 -0.000000
vn 0.631426 -0.775436 0.000000
vn 0.631426 -0.775436 0.000000
vn 0.631426 -0.775436 0.000000
vn 0.631426 -0.775436 0.000000
vn 0.476391 -0.879234 0.000000
vn 0.476391 -0.879234 0.000000
vn 0.476391 -0.879234 0.000000
vn 0.476391 -0.879234 0.000000
vn 0.291094 -0.956694 0.000000
vn 0.291094 -0.956694 0.000000
vn 0.291094 -0.956694 0.000000
vn 0.291094 -0.956694 0.000000
vn 0.094888 -0.995488 0.000000
vn 0.094888 -0.995488 0.000000
vn 0.094888 -0.995488 0.000000
vn 0.094888 -0.995488 0.000000
vn -0.089688 -0.995970 -0.000000
vn -0.089688 -0.995970 -0.000000
vn -0.089688 -0.995970 -0.000000
vn -0.089688 -0.995970 -0.000000
vn -0.284271 -0.958744 -0.000000
vn -0.284271 -0.958744 -0.000000
vn -0.284271 -0.958744 -0.000000
vn -0.284271 -0.958744 -0.000000
vn -0.480292 -0.877109 -0.000000
vn -0.480292 -0.877109 -0.000000
vn -0.480292 -0.877109 -0.000000
vn -0.480292 -0.877109 -0.000000
vn -0.651829 -0.758366 -0.000000
vn -0.651829 -0.758366 -0.000000
vn -0.651829 -0.758366 -0.000000
vn -0.651829 -0.758366 -0.000000
vn -0.757782 -0.652507 -0.000000
vn -0.757782 -0.652507 -0.000000
vn -0.757782 -0.652507 -0.000000
vn -0.757782 -0.652507 -0.000000
vn -0.822494 -0.568774 -0.000000
vn -0.822494 -0.568774 -0.000000
vn -0.822494 -0.568774 -0.000000
vn -0.822494 -0.568774 -0.000000
vn -0.878009 -0.478643 -0.000000
vn -0.878009 -0.478643 -0.000000
vn -0.878009 -0.478643 -0.000000
vn -0.878009 -0.478643 -0.000000
vn -0.922805 -0.385268 -0.000000
vn -0.922805 -0.385268 -0.000000
vn -0.922805 -0.385268 -0.000000
vn -0.922805 -0.385268 -0.000000
vn -0.956448 -0.291904 -0.000000
vn -0.956448 -0.291904 -0.000000
vn -0.956448 -0.291904 -0.000000
vn -0.956448 -0.291904 -0.000000
vn -0.979505 -0.201419 -0.000000
vn -0.979505 -0.201419 -0.000000
vn -0.979505 -0.201419 -0.000000
vn -0.979505 -0.201419 -0.000000
vn -0.993253 -0.115971 -0.000000
vn -0.993253 -0.115971 -0.000000
vn -0.993253 -0.115971 -0.000000
vn -0.993253 -0.115971 -0.000000
vn -0.999319 -0.036912 -0.000000
vn -0.999319 -0.036912 -0.000000
vn -0.999319 -0.036912 -0.000000
vn -0.999319 -0.036912 -0.000000
vn -0.999371 0.035471 0.000000
vn -0.999371 0.035471 0.000000
vn -0.999371 0.035471 0.000000
vn -0.999371 0.035471 0.000000
vn -0.994125 0.108241 0.000000
vn -0.994125 0.108241 0.000000
vn -0.994125 0.108241 0.000000
vn -0.994125 0.108241 0.000000
vn -0.983199 0.182535 0.000000
vn -0.983199 0.182535 0.000000
vn -0.983199 0.182535 0.000000
vn -0.983199 0.182535 0.000000
vn -0.966383 0.257108 0.000000
vn -0.966383 0.257108 0.000000
vn -0.966383 0.257108 0.000000
vn -0.966383 0.257108 0.000000
vn -0.943759 0.330636 0.000000
vn -0.943759 0.330636 0.000000
vn -0.943759 0.330636 0.000000
vn -0.943759 0.330636 0.000000
vn -0.915719 0.401820 0.000000
vn -0.915719 0.401820 0.000000
vn -0.915719 0.401820 0.000000
vn -0.915719 0.401820 0.000000
vn -0.882928 0.469509 0.000000
vn -0.882928 0.469509 0.000000
vn -0.882928 0.469509 0.000000
vn -0.882928 0.469509 0.000000
vn -0.846255 0.532778 0.000000
vn -0.846255 0.532778 0.000000
vn -0.846255 0.532778 0.000000
vn -0.846255 0.532778 0.000000
vn -0.800542 0.599276 0.000000
vn -0.800542 0.599276 0.000000
vn -0.800542 0.599276 0.000000
vn -0.800542 0.599276 0.000000
vn -0.735042 0.678021 0.000000
vn -0.735042 0.678021 0.000000
vn -0.735042 0.678021 0.000000
vn -0.735042 0.678021 0.000000
vn -0.653109 0.757264 0.000000
vn -0.653109 0.757264 0.000000
vn -0.653109 0.757264 0.000000
vn -0.653109 0.757264 0.000000
vn -0.554218 0.832371 0.000000
vn -0.554218 0.832371 0.000000
vn -0.554218 0.832371 0.000000
vn -0.554218 0.832371 0.000000
vn -0.440166 0.897917 0.000000
vn -0.440166 0.897917 0.000000
vn -0.440166 0.897917 0.000000
vn -0.440166 0.897917 0.000000
vn -0.315426 0.948950 0.000000
vn -0.315426 0.948950 0.000000
vn -0.315426 0.948950 0.000000
vn -0.315426 0.948950 0.000000
vn -0.186483 0.982458 0.000000
vn -0.186483 0.982458 0.000000
vn -0.186483 0.982458 0.000000
vn -0.186483 0.982458 0.000000
vn -0.060248 0.998183 0.000000
vn -0.060248 0.998183 0.000000
vn -0.060248 0.998183 0.000000
vn -0.060248 0.998183 0.000000
vn 0.049305 0.998784 0.000000
vn 0.049305 0.998784 0.000000
vn 0.049305 0.998784 0.000000
vn 0.049305 0.998784 0.000000
vn 0.156851 0.987622 0.000000
vn 0.156851 0.987622 0.000000
vn 0.156851 0.987622 0.000000
vn 0.156851 0.987622 0.000000
vn 0.274401 0.961615 0.000000
vn 0.274401 0.961615 0.000000
vn 0.274401 0.961615 0.000000
vn 0.274401 0.961615 0.000000
vn 0.397596 0.917561 0.000000
vn 0.397596 0.917561 0.000000
vn 0.397596 0.917561 0.000000
vn 0.397596 0.917561 0.000000
vn 0.519920 0.854215 0.000000
vn 0.519920 0.854215 0.000000
vn 0.519920 0.854215 0.000000
vn 0.519920 0.854215 0.000000
vn 0.633953 0.773372 0.000000
vn 0.633953 0.773372 0.000000
vn 0.633953 0.773372 0.000000
vn 0.633953 0.773372 0.000000
vn 0.733355 0.679846 0.000000
vn 0.733355 0.679846 0.000000
vn 0.733355 0.679846 0.000000
vn 0.733355 0.679846 0.000000
vn 0.814515 0.580142 0.000000
vn 0.814515 0.580142 0.000000
vn 0.814515 0.580142 0.000000
vn 0.814515 0.580142 0.000000
vn -0.975563 0.219721 0.000000
vn -0.975563 0.219721 0.000000
vn -0.975563 0.219721 0.000000
vn -0.975563 0.219721 0.000000
vn 0.000000 1.000000 0.000000
vn 0.000000 1.000000 0.000000
vn 0.000000 1.000000 0.000000
vn 0.000000 1.000000 0.000000
vn 0.978535 -0.206079 0.000000
vn 0.978535 -0.206079 0.000000
vn 0.978535 -0.206079 0.000000
vn 0.978535 -0.206079 0.000000
vn 0.981034 -0.193833 0.000000
vn 0.981034 -0.193833 0.000000
vn 0.981034 -0.193833 0.000000
vn 0.981034 -0.193833 0.000000
vn 0.985030 -0.172380 0.000000
vn 0.985030 -0.172380 0.000000
vn 0.985030 -0.172380 0.000000
vn 0.985030 -0.172380 0.000000
vn 0.990591 -0.136858 0.000000
vn 0.990591 -0.136858 0.000000
vn 0.990591 -0.136858 0.000000
vn 0.990591 -0.136858 0.000000
vn 0.997743 -0.067156 0.000000
vn 0.997743 -0.067156 0.000000
vn 0.997743 -0.067156 0.000000
vn 0.997743 -0.067156 0.000000
vn 0.991474 0.130308 0.000000
vn 0.991474 0.130308 0.000000
vn 0.991474 0.130308 0.000000
vn 0.991474 0.130308 0.000000
vn 0.875476 0.483262 0.000000
vn 0.875476 0.483262 0.000000
vn 0.875476 0.483262 0.000000
vn 0.875476 0.483262 0.000000
vn 0.596178 0.802853 0.000000
vn 0.596178 0.802853 0.000000
vn 0.596178 0.802853 0.000000
vn 0.596178 0.802853 0.000000
vn 0.205596 0.978637 0.000000
vn 0.205596 0.978637 0.000000
vn 0.205596 0.978637 0.000000
vn 0.205596 0.978637 0.000000
vn -0.139402 0.990236 0.000000
vn -0.139402 0.990236 0.000000
vn -0.139402 0.990236 0.000000
vn -0.139402 0.990236 0.000000
vn -0.348488 0.937313 0.000000
vn -0.348488 0.937313 0.000000
vn -0.348488 0.937313 0.000000
vn -0.348488 0.937313 0.000000
vn -0.484225 0.874944 0.000000
vn -0.484225 0.874944 0.000000
vn -0.484225 0.874944 0.000000
vn -0.484225 0.874944 0.000000
vn -0.573462 0.819232 0.000000
vn -0.573462 0.819232 0.000000
vn -0.573462 0.819232 0.000000
vn -0.573462 0.819232 0.000000
vn -0.647392 0.762157 0.000000
vn -0.647392 0.762157 0.000000
vn -0.647392 0.762157 0.000000
vn -0.647392 0.762157 0.000000
vn -0.737795 0.675025 0.000000
vn -0.737795 0.675025 0.000000
vn -0.737795 0.675025 0.000000
vn -0.737795 0.675025 0.000000
vn -0.813290 0.581858 0.000000
vn -0.813290 0.581858 0.000000
vn -0.813290 0.581858 0.000000
vn -0.813290 0.581858 0.000000
vn -0.873011 0.487701 0.000000
vn -0.873011 0.487701 0.000000
vn -0.873011 0.487701 0.000000
vn -0.873011 0.487701 0.000000
vn -0.919697 0.392629 0.000000
vn -0.919697 0.392629 0.000000
vn -0.919697 0.392629 0.000000
vn -0.919697 0.392629 0.000000
vn -0.957902 0.287097 0.000000
vn -0.957902 0.287097 0.000000
vn -0.957902 0.287097 0.000000
vn -0.957902 0.287097 0.000000
vn -0.984728 0.174101 0.000000
vn -0.984728 0.174101 0.000000
vn -0.984728 0.174101 0.000000
vn -0.984728 0.174101 0.000000
vn -0.998325 0.057861 0.000000
vn -0.998325 0.057861 0.000000
vn -0.998325 0.057861 0.000000
vn -0.998325 0.057861 0.000000
vn -0.998936 -0.046119 -0.000000
vn -0.998936 -0.046119 -0.000000
vn -0.998936 -0.046119 -0.000000
vn -0.998936 -0.046119 -0.000000
vn -0.989715 -0.143053 -0.000000
vn -0.989715 -0.143053 -0.000000
vn -0.989715 -0.143053 -0.000000
vn -0.989715 -0.143053 -0.000000
vn -0.969713 -0.244246 -0.000000
vn -0.969713 -0.244246 -0.000000
vn -0.969713 -0.244246 -0.000000
vn -0.969713 -0.244246 -0.000000
vn -0.938027 -0.346562 -0.000000
vn -0.938027 -0.346562 -0.000000
vn -0.938027 -0.346562 -0.000000
vn -0.938027 -0.346562 -0.000000
vn -0.894845 -0.446377 -0.000000
vn -0.894845 -0.446377 -0.000000
vn -0.894845 -0.446377 -0.000000
vn -0.894845 -0.446377 -0.000000
vn -0.841559 -0.540165 -0.000000
vn -0.841559 -0.540165 -0.000000
vn -0.841559 -0.540165 -0.000000
vn -0.841559 -0.540165 -0.000000
vn -0.780552 -0.625090 -0.000000
vn -0.780552 -0.625090 -0.000000
vn -0.780552 -0.625090 -0.000000
vn -0.780552 -0.625090 -0.000000
vn -0.714727 -0.699403 -0.000000
vn -0.714727 -0.699403 -0.000000
vn -0.714727 -0.699403 -0.000000
vn -0.714727 -0.699403 -0.000000
vn -0.638918 -0.769275 -0.000000
vn -0.638918 -0.769275 -0.000000
vn -0.638918 -0.769275 -0.000000
vn -0.638918 -0.769275 -0.000000
vn -0.549532 -0.835473 -0.000000
vn -0.549532 -0.835473 -0.000000
vn -0.549532 -0.835473 -0.000000
vn -0.549532 -0.835473 -0.000000
vn -0.456009 -0.889975 -0.000000
vn -0.456009 -0.889975 -0.000000
vn -0.456009 -0.889975 -0.000000
vn -0.456009 -0.889975 -0.000000
vn -0.362047 -0.932160 -0.000000
vn -0.362047 -0.932160 -0.000000
vn -0.362047 -0.932160 -0.000000
vn -0.362047 -0.932160 -0.000000
vn -0.270874 -0.962615 -0.000000
vn -0.270874 -0.962615 -0.000000
vn -0.270874 -0.962615 -0.000000
vn -0.270874 -0.962615 -0.000000
vn -0.184869 -0.982763 -0.000000
vn -0.184869 -0.982763 -0.000000
vn -0.184869 -0.982763 -0.000000
vn -0.184869 -0.982763 -0.000000
vn -0.105475 -0.994422 -0.000000
vn -0.105475 -0.994422 -0.000000
vn -0.105475 -0.994422 -0.000000
vn -0.105475 -0.994422 -0.000000
vn -0.033328 -0.999444 -0.000000
vn -0.033328 -0.999444 -0.000000
vn -0.033328 -0.999444 -0.000000
vn -0.033328 -0.999444 -0.000000
vn 0.025970 -0.999663 0.000000
vn 0.025970 -0.999663 0.000000
vn 0.025970 -0.999663 0.000000
vn 0.025970 -0.999663 0.000000
vn 0.080816 -0.996729 0.000000
vn 0.080816 -0.996729 0.000000
vn 0.080816 -0.996729 0.000000
vn 0.080816 -0.996729 0.000000
vn 0.139442 -0.990230 0.000000
vn 0.139442 -0.990230 0.000000
vn 0.139442 -0.990230 0.000000
vn 0.139442 -0.990230 0.000000
vn 0.201576 -0.979473 0.000000
vn 0.201576 -0.979473 0.000000
vn 0.201576 -0.979473 0.000000
vn 0.201576 -0.979473 0.000000
vn 0.266724 -0.963773 0.000000
vn 0.266724 -0.963773 0.000000
vn 0.266724 -0.963773 0.000000
vn 0.266724 -0.963773 0.000000
vn 0.334150 -0.942520 0.000000
vn 0.334150 -0.942520 0.000000
vn 0.334150 -0.942520 0.000000
vn 0.334150 -0.942520 0.000000
vn 0.402870 -0.915257 0.000000
vn 0.402870 -0.915257 0.000000
vn 0.402870 -0.915257 0.000000
vn 0.402870 -0.915257 0.000000
vn 0.471688 -0.881765 0.000000
vn 0.471688 -0.881765 0.000000
vn 0.471688 -0.881765 0.000000
vn 0.471688 -0.881765 0.000000
vn 0.536446 -0.843935 0.000000
vn 0.536446 -0.843935 0.000000
vn 0.536446 -0.843935 0.000000
vn 0.536446 -0.843935 0.000000
vn 0.597230 -0.802070 0.000000
vn 0.597230 -0.802070 0.000000
vn 0.597230 -0.802070 0.000000
vn 0.597230 -0.802070 0.000000
vn 0.656135 -0.754644 0.000000
vn 0.656135 -0.754644 0.000000
vn 0.656135 -0.754644 0.000000
vn 0.656135 -0.754644 0.000000
vn 0.711989 -0.702191 0.000000
vn 0.711989 -0.702191 0.000000
vn 0.711989 -0.702191 0.000000
vn 0.711989 -0.702191 0.000000
vn 0.763735 -0.645530 0.000000
vn 0.763735 -0.645530 0.000000
vn 0.763735 -0.645530 0.000000
vn 0.763735 -0.645530 0.000000
vn 0.810524 -0.585705 0.000000
vn 0.810524 -0.585705 0.000000
vn 0.810524 -0.585705 0.000000
vn 0.810524 -0.585705 0.000000
vn 0.851788 -0.523887 0.000000
vn 0.851788 -0.523887 0.000000
vn 0.851788 -0.523887 0.000000
vn 0.851788 -0.523887 0.000000
vn 0.887259 -0.461272 0.000000
vn 0.887259 -0.461272 0.000000
vn 0.887259 -0.461272 0.000000
vn 0.887259 -0.461272 0.000000
vn 0.924430 -0.381352 0.000000
vn 0.924430 -0.381352 0.000000
vn 0.924430 -0.381352 0.000000
vn 0.924430 -0.381352 0.000000
vn 0.960742 -0.277444 0.000000
vn 0.960742 -0.277444 0.000000
vn 0.960742 -0.277444 0.000000
vn 0.960742 -0.277444 0.000000
vn 0.985876 -0.167479 0.000000
vn 0.985876 -0.167479 0.000000
vn 0.985876 -0.167479 0.000000
vn 0.985876 -0.167479 0.000000
vn 0.998461 -0.055454 0.000000
vn 0.998461 -0.055454 0.000000
vn 0.998461 -0.055454 0.000000
vn 0.998461 -0.055454 0.000000
vn 0.997923 0.064411 0.000000
vn 0.997923 0.064411 0.000000
vn 0.997923 0.064411 0.000000
vn 0.997923 0.064411 0.000000
vn 0.980014 0.198929 0.000000
vn 0.980014 0.198929 0.000000
vn 0.980014 0.198929 0.000000
vn 0.980014 0.198929 0.000000
vn 0.942239 0.334941 0.000000
vn 0.942239 0.334941 0.000000
vn 0.942239 0.334941 0.000000
vn 0.942239 0.334941 0.000000
vn 0.885667 0.464321 0.000000
vn 0.885667 0.464321 0.000000
vn 0.885667 0.464321 0.000000
vn 0.885667 0.464321 0.000000
vn 0.808899 0.587948 0.000000
vn 0.808899 0.587948 0.000000
vn 0.808899 0.587948 0.000000
vn 0.808899 0.587948 0.000000
vn 0.705027 0.709180 0.000000
vn 0.705027 0.709180 0.000000
vn 0.705027 0.709180 0.000000
vn 0.705027 0.709180 0.000000
vn 0.581568 0.813498 0.000000
vn 0.581568 0.813498 0.000000
vn 0.581568 0.813498 0.000000
vn 0.581568 0.813498 0.000000
vn 0.448443 0.893812 0.000000
vn 0.448443 0.893812 0.000000
vn 0.448443 0.893812 0.000000
vn 0.448443 0.893812 0.000000
vn 0.329335 0.944213 0.000000
vn 0.329335 0.944213 0.000000
vn 0.329335 0.944213 0.000000
vn 0.329335 0.944213 0.000000
vn 0.226860 0.973927 0.000000
vn 0.226860 0.973927 0.000000
vn 0.226860 0.973927 0.000000
vn 0.226860 0.973927 0.000000
vn 0.130109 0.991500 0.000000
vn 0.130109 0.991500 0.000000
vn 0.130109 0.991500 0.000000
vn 0.130109 0.991500 0.000000
vn 0.041189 0.999151 0.000000
vn 0.041189 0.999151 0.000000
vn 0.041189 0.999151 0.000000
vn 0.041189 0.999151 0.000000
vn -0.036020 0.999351 0.000000
vn -0.036020 0.999351 0.000000
vn -0.036020 0.999351 0.000000
vn -0.036020 0.999351 0.000000
vn -0.115814 0.993271 0.000000
vn -0.115814 0.993271 0.000000
vn -0.115814 0.993271 0.000000
vn -0.115814 0.993271 0.000000
vn -0.206308 0.978487 0.000000
vn -0.206308 0.978487 0.000000
vn -0.206308 0.978487 0.000000
vn -0.206308 0.978487 0.000000
vn -0.307012 0.951706 0.000000
vn -0.307012 0.951706 0.000000
vn -0.307012 0.951706 0.000000
vn -0.307012 0.951706 0.000000
vn -0.415817 0.909448 0.000000
vn -0.415817 0.909448 0.000000
vn -0.415817 0.909448 0.000000
vn -0.415817 0.909448 0.000000
vn -0.528504 0.848931 0.000000
vn -0.528504 0.848931 0.000000
vn -0.528504 0.848931 0.000000
vn -0.528504 0.848931 0.000000
vn -0.638875 0.769311 0.000000
vn -0.638875 0.769311 0.000000
vn -0.638875 0.769311 0.000000
vn -0.638875 0.769311 0.000000
vn -0.739873 0.672747 0.000000
vn -0.739873 0.672747 0.000000
vn -0.739873 0.672747 0.000000
vn -0.739873 0.672747 0.000000
vn 0.998531 0.054188 0.000000
vn 0.998531 0.054188 0.000000
vn 0.998531 0.054188 0.000000
vn 0.998531 0.054188 0.000000
vn 0.982502 0.186253 0.000000
vn 0.982502 0.186253 0.000000
vn 0.982502 0.186253 0.000000
vn 0.982502 0.186253 0.000000
vn 0.935366 0.353681 0.000000
vn 0.935366 0.353681 0.000000
vn 0.935366 0.353681 0.000000
vn 0.935366 0.353681 0.000000
vn 0.834974 0.550289 0.000000
vn 0.834974 0.550289 0.000000
vn 0.834974 0.550289 0.000000
vn 0.834974 0.550289 0.000000
vn 0.693356 0.720595 0.000000
vn 0.693356 0.720595 0.000000
vn 0.693356 0.720595 0.000000
vn 0.693356 0.720595 0.000000
vn 0.525661 0.850694 0.000000
vn 0.525661 0.850694 0.000000
vn 0.525661 0.850694 0.000000
vn 0.525661 0.850694 0.000000
vn 0.319152 0.947704 0.000000
vn 0.319152 0.947704 0.000000
vn 0.319152 0.947704 0.000000
vn 0.319152 0.947704 0.000000
vn 0.102288 0.994755 0.000000
vn 0.102288 0.994755 0.000000
vn 0.102288 0.994755 0.000000
vn 0.102288 0.994755 0.000000
vn -0.125692 0.992069 0.000000
vn -0.125692 0.992069 0.000000
vn -0.125692 0.992069 0.000000
vn -0.125692 0.992069 0.000000
vn -0.376017 0.926613 0.000000
vn -0.376017 0.926613 0.000000
vn -0.376017 0.926613 0.000000
vn -0.376017 0.926613 0.000000
vn -0.563507 0.826112 0.000000
vn -0.563507 0.826112 0.000000
vn -0.563507 0.826112 0.000000
vn -0.563507 0.826112 0.000000
vn -0.707107 0.707107 0.000000
vn -0.707107 0.707107 0.000000
vn -0.707107 0.707107 0.000000
vn -0.707107 0.707107 0.000000
vn -0.798941 0.601409 0.000000
vn -0.798941 0.601409 0.000000
vn -0.798941 0.601409 0.000000
vn -0.798941 0.601409 0.000000
vn -0.865020 0.501738 0.000000
vn -0.865020 0.501738 0.000000
vn -0.865020 0.501738 0.000000
vn -0.865020 0.501738 0.000000
vn -0.909289 0.416165 0.000000
vn -0.909289 0.416165 0.000000
vn -0.909289 0.416165 0.000000
vn -0.909289 0.416165 0.000000
vn -0.938934 0.344098 0.000000
vn -0.938934 0.344098 0.000000
vn -0.938934 0.344098 0.000000
vn -0.938934 0.344098 0.000000
vn -0.959672 0.281121 0.000000
vn -0.959672 0.281121 0.000000
vn -0.959672 0.281121 0.000000
vn -0.959672 0.281121 0.000000
vn -0.977300 0.211858 0.000000
vn -0.977300 0.211858 0.000000
vn -0.977300 0.211858 0.000000
vn -0.977300 0.211858 0.000000
vn -0.991019 0.133718 0.000000
vn -0.991019 0.133718 0.000000
vn -0.991019 0.133718 0.000000
vn -0.991019 0.133718 0.000000
vn -0.998910 0.046672 0.000000
vn -0.998910 0.046672 0.000000
vn -0.998910 0.046672 0.000000
vn -0.998910 0.046672 0.000000
vn -0.998105 -0.061539 -0.000000
vn -0.998105 -0.061539 -0.000000
vn -0.998105 -0.061539 -0.000000
vn -0.998105 -0.061539 -0.000000
vn -0.978459 -0.206440 -0.000000
vn -0.978459 -0.206440 -0.000000
vn -0.978459 -0.206440 -0.000000
vn -0.978459 -0.206440 -0.000000
vn -0.925512 -0.378717 -0.000000
vn -0.925512 -0.378717 -0.000000
vn -0.925512 -0.378717 -0.000000
vn -0.925512 -0.378717 -0.000000
vn -0.825005 -0.565125 -0.000000
vn -0.825005 -0.565125 -0.000000
vn -0.825005 -0.565125 -0.000000
vn -0.825005 -0.565125 -0.000000
vn -0.687362 -0.726315 -0.000000
vn -0.687362 -0.726315 -0.000000
vn -0.687362 -0.726315 -0.000000
vn -0.687362 -0.726315 -0.000000
vn -0.515749 -0.856740 -0.000000
vn -0.515749 -0.856740 -0.000000
vn -0.515749 -0.856740 -0.000000
vn -0.515749 -0.856740 -0.000000
vn -0.309568 -0.950877 -0.000000
vn -0.309568 -0.950877 -0.000000
vn -0.309568 -0.950877 -0.000000
vn -0.309568 -0.950877 -0.000000
vn -0.098297 -0.995157 -0.000000
vn -0.098297 -0.995157 -0.000000
vn -0.098297 -0.995157 -0.000000
vn -0.098297 -0.995157 -0.000000
vn 0.098044 -0.995182 0.000000
vn 0.098044 -0.995182 0.000000
vn 0.098044 -0.995182 0.000000
vn 0.098044 -0.995182 0.000000
vn 0.293827 -0.955859 0.000000
vn 0.293827 -0.955859 0.000000
vn 0.293827 -0.955859 0.000000
vn 0.293827 -0.955859 0.000000
vn 0.470845 -0.882216 0.000000
vn 0.470845 -0.882216 0.000000
vn 0.470845 -0.882216 0.000000
vn 0.470845 -0.882216 0.000000
vn 0.614900 -0.788605 0.000000
vn 0.614900 -0.788605 0.000000
vn 0.614900 -0.788605 0.000000
vn 0.614900 -0.788605 0.000000
vn 0.731841 -0.681476 0.000000
vn 0.731841 -0.681476 0.000000
vn 0.731841 -0.681476 0.000000
vn 0.731841 -0.681476 0.000000
vn 0.827486 -0.561487 0.000000
vn 0.827486 -0.561487 0.000000
vn 0.827486 -0.561487 0.000000
vn 0.827486 -0.561487 0.000000
vn 0.895852 -0.444352 0.000000
vn 0.895852 -0.444352 0.000000
vn 0.895852 -0.444352 0.000000
vn 0.895852 -0.444352 0.000000
vn 0.941501 -0.337012 0.000000
vn 0.941501 -0.337012 0.000000
vn 0.941501 -0.337012 0.000000
vn 0.941501 -0.337012 0.000000
vn 0.965205 -0.261494 0.000000
vn 0.965205 -0.261494 0.000000
vn 0.965205 -0.261494 0.000000
vn 0.965205 -0.261494 0.000000
vn 0.979520 -0.201346 0.000000
vn 0.979520 -0.201346 0.000000
vn 0.979520 -0.201346 0.000000
vn 0.979520 -0.201346 0.000000
vn 0.991462 -0.130394 0.000000
vn 0.991462 -0.130394 0.000000
vn 0.991462 -0.130394 0.000000
vn 0.991462 -0.130394 0.000000
vn 0.998899 -0.046903 0.000000
vn 0.998899 -0.046903 0.000000
vn 0.998899 -0.046903 0.000000
vn 0.998899 -0.046903 0.000000
vn 0.000000 0.000000 1.000000
vn 0.000000 0.000000 1.000000
vn 0.000000 0.000000 1.000000
vn 0.000000 0.000000 1.000000
vn 0.000000 0.000000 -1.000000
vn 0.000000 0.000000 -1.000000
vn 0.000000 0.000000 -1.000000
vn 0.000000 0.000000 -1.000000
vn -1.000000 0.000000 -0.000000
vn -1.000000 0.000000 -0.000000
vn -1.000000 0.000000 -0.000000
vn -1.000000 0.000000 -0.000000
vn 0.000000 1.000000 0.000000
vn 0.000000 1.000000 0.000000
vn 0.000000 1.000000 0.000000
vn 0.000000 1.000000 0.000000
vn 1.000000 0.000000 0.000000
vn 1.000000 0.000000 0.000000
vn 1.000000 0.000000 0.000000
vn 1.000000 0.000000 0.000000
vn 0.000000 -1.000000 0.000000
vn 0.000000 -1.000000 0.000000
vn 0.000000 -1.000000 0.000000
vn 0.000000 -1.000000 0.000000
vn 0.000000 0.000000 1.000000
vn 0.000000 0.000000 1.000000
vn 0.000000 0.000000 1.000000
vn 0.000000 0.000000 1.000000
vn 0.000000 0.000000 -1.000000
vn 0.000000 0.000000 -1.000000
vn 0.000000 0.000000 -1.000000
vn 0.000000 0.000000 -1.000000
vn -1.000000 0.000000 -0.000000
vn -1.000000 0.000000 -0.000000
vn -1.000000 0.000000 -0.000000
vn -1.000000 0.000000 -0.000000
vn 0.000000 1.000000 0.000000
vn 0.000000 1.000000 0.000000
vn 0.000000 1.000000 0.000000
vn 0.000000 1.000000 0.000000
vn 1.000000 0.000000 0.000000
vn 1.000000 0.000000 0.000000
vn 1.000000 0.000000 0.000000
vn 1.000000 0.000000 0.000000
vn 0.000000 -1.000000 0.000000
vn 0.000000 -1.000000 0.000000
vn 0.000000 -1.000000 0.000000
vn 0.000000 -1.000000 0.000000
vn 0.000000 0.000000 1.000000
vn 0.000000 0.000000 1.000000
vn 0.000000 0.000000 1.000000
vn 0.000000 0.000000 1.000000
vn 0.000000 0.000000 1.000000
vn 0.000000 0.000000 1.000000
vn 0.000000 0.000000 1.000000
vn 0.000000 0.000000 1.000000
vn 0.000000 0.000000 1.000000
vn 0.000000 0.000000 1.000000
vn 0.000000 0.000000 1.000000
vn 0.000000 0.000000 1.000000
vn 0.000000 0.000000 1.000000
vn 0.000000 0.000000 1.000000
vn 0.000000 0.000000 1.000000
vn 0.000000 0.000000 1.000000
vn 0.000000 0.000000 1.000000
vn 0.000000 0.000000 1.000000
vn 0.000000 0.000000 1.000000
vn 0.000000 0.000000 1.000000
vn 0.000000 0.000000 1.000000
vn 0.000000 0.000000 1.000000
vn 0.000000 0.000000 1.000000
vn 0.000000 0.000000 1.000000
vn 0.000000 0.000000 1.000000
vn 0.000000 0.000000 1.000000
vn 0.000000 0.000000 1.000000
vn 0.000000 0.000000 1.000000
vn 0.000000 0.000000 1.000000
vn 0.000000 0.000000 1.000000
vn 0.000000 0.000000 1.000000
vn 0.000000 0.000000 1.000000
vn 0.000000 0.000000 1.000000
vn 0.000000 0.000000 1.000000
vn 0.000000 0.000000 1.000000
vn 0.000000 0.000000 1.000000
vn 0.000000 0.000000 1.000000
vn 0.000000 0.000000 1.000000
vn 0.000000 0.000000 1.000000
vn 0.000000 0.000000 1.000000
vn 0.000000 0.000000 1.000000
vn 0.000000 0.000000 1.000000
vn 0.000000 0.000000 1.000000
vn 0.000000 0.000000 1.000000
vn 0.000000 0.000000 1.000000
vn 0.000000 0.000000 1.000000
vn 0.000000 0.000000 1.000000
vn 0.000000 0.000000 1.000000
vn 0.000000 0.000000 1.000000
vn 0.000000 0.000000 1.000000
vn 0.000000 0.000000 1.000000
vn 0.000000 0.000000 1.000000
vn 0.000000 0.000000 1.000000
vn 0.000000 0.000000 1.000000
vn 0.000000 0.000000 1.000000
vn 0.000000 0.000000 1.000000
vn 0.000000 0.000000 1.000000
vn 0.000000 0.000000 1.000000
vn 0.000000 0.000000 1.000000
vn 0.000000 0.000000 1.000000
vn 0.000000 0.000000 1.000000
vn 0.000000 0.000000 1.000000
vn 0.000000 0.000000 1.000000
vn 0.000000 0.000000 1.000000
vn 0.000000 0.000000 1.000000
vn 0.000000 0.000000 1.000000
vn 0.000000 0.000000 1.000000
vn 0.000000 0.000000 1.000000
vn 0.000000 0.000000 1.000000
vn 0.000000 0.000000 1.000000
vn 0.000000 0.000000 1.000000
vn 0.000000 0.000000 1.000000
vn 0.000000 0.000000 1.000000
vn 0.000000 0.000000 1.000000
vn 0.000000 0.000000 1.000000
vn 0.000000 0.000000 1.000000
vn 0.000000 0.000000 1.000000
vn 0.000000 0.000000 1.000000
vn 0.000000 0.000000 1.000000
vn 0.000000 0.000000 1.000000
vn 0.000000 0.000000 1.000000
vn 0.000000 0.000000 1.000000
vn 0.000000 0.000000 1.000000
vn 0.000000 0.000000 1.000000
vn 0.000000 0.000000 1.000000
vn 0.000000 0.000000 1.000000
vn 0.000000 0.000000 1.000000
vn 0.000000 0.000000 1.000000
vn 0.000000 0.000000 1.000000
vn 0.000000 0.000000 1.000000
vn 0.000000 0.000000 1.000000
vn 0.000000 0.000000 -1.000000
vn 0.000000 0.000000 -1.000000
vn 0.000000 0.000000 -1.000000
vn 0.000000 0.000000 -1.000000
vn 0.000000 0.000000 -1.000000
vn 0.000000 0.000000 -1.000000
vn 0.000000 0.000000 -1.000000
vn 0.000000 0.000000 -1.000000
vn 0.000000 0.000000 -1.000000
vn 0.000000 0.000000 -1.000000
vn 0.000000 0.000000 -1.000000
vn 0.000000 0.000000 -1.000000
vn 0.000000 0.000000 -1.000000
vn 0.000000 0.000000 -1.000000
vn 0.000000 0.000000 -1.000000
vn 0.000000 0.000000 -1.000000
vn 0.000000 0.000000 -1.000000
vn 0.000000 0.000000 -1.000000
vn 0.000000 0.000000 -1.000000
vn 0.000000 0.000000 -1.000000
vn 0.000000 0.000000 -1.000000
vn 0.000000 0.000000 -1.000000
vn 0.000000 0.000000 -1.000000
vn 0.000000 0.000000 -1.000000
vn 0.000000 0.000000 -1.000000
vn 0.000000 0.000000 -1.000000
vn 0.000000 0.000000 -1.000000
vn 0.000000 0.000000 -1.000000
vn 0.000000 0.000000 -1.000000
vn 0.000000 0.000000 -1.000000
vn 0.000000 0.000000 -1.000000
vn 0.000000 0.000000 -1.000000
vn 0.000000 0.000000 -1.000000
vn 0.000000 0.000000 -1.000000
vn 0.000000 0.000000 -1.000000
vn 0.000000 0.000000 -1.000000
vn 0.000000 0.000000 -1.000000
vn 0.000000 0.000000 -1.000000
vn 0.000000 0.000000 -1.000000
vn 0.000000 0.000000 -1.000000
vn 0.000000 0.000000 -1.000000
vn 0.000000 0.000000 -1.000000
vn 0.000000 0.000000 -1.000000
vn 0.000000 0.000000 -1.000000
vn 0.000000 0.000000 -1.000000
vn 0.000000 0.000000 -1.000000
vn 0.000000 0.000000 -1.000000
vn 0.000000 0.000000 -1.000000
vn 0.000000 0.000000 -1.000000
vn 0.000000 0.000000 -1.000000
vn 0.000000 0.000000 -1.000000
vn 0.000000 0.000000 -1.000000
vn 0.000000 0.000000 -1.000000
vn 0.000000 0.000000 -1.000000
vn 0.000000 0.000000 -1.000000
vn 0.000000 0.000000 -1.000000
vn 0.000000 0.000000 -1.000000
vn 0.000000 0.000000 -1.000000
vn 0.000000 0.000000 -1.000000
vn 0.000000 0.000000 -1.000000
vn 0.000000 0.000000 -1.000000
vn 0.000000 0.000000 -1.000000
vn 0.000000 0.000000 -1.000000
vn 0.000000 0.000000 -1.000000
vn 0.000000 0.000000 -1.000000
vn 0.000000 0.000000 -1.000000
vn 0.000000 0.000000 -1.000000
vn 0.000000 0.000000 -1.000000
vn 0.000000 0.000000 -1.000000
vn 0.000000 0.000000 -1.000000
vn 0.000000 0.000000 -1.000000
vn 0.000000 0.000000 -1.000000
vn 0.000000 0.000000 -1.000000
vn 0.000000 0.000000 -1.000000
vn 0.000000 0.000000 -1.000000
vn 0.000000 0.000000 -1.000000
vn 0.000000 0.000000 -1.000000
vn 0.000000 0.000000 -1.000000
vn 0.000000 0.000000 -1.000000
vn 0.000000 0.000000 -1.000000
vn 0.000000 0.000000 -1.000000
vn 0.000000 0.000000 -1.000000
vn 0.000000 0.000000 -1.000000
vn 0.000000 0.000000 -1.000000
vn 0.000000 0.000000 -1.000000
vn 0.000000 0.000000 -1.000000
vn 0.000000 0.000000 -1.000000
vn 0.000000 0.000000 -1.000000
vn 0.000000 0.000000 -1.000000
vn 0.000000 0.000000 -1.000000
vn 0.000000 0.000000 -1.000000
vn 0.165541 0.986203 0.000000
vn 0.165541 0.986203 0.000000
vn 0.165541 0.986203 0.000000
vn 0.165541 0.986203 0.000000
vn 0.919719 -0.392577 0.000000
vn 0.919719 -0.392577 0.000000
vn 0.919719 -0.392577 0.000000
vn 0.919719 -0.392577 0.000000
vn 0.852771 -0.522285 0.000000
vn 0.852771 -0.522285 0.000000
vn 0.852771 -0.522285 0.000000
vn 0.852771 -0.522285 0.000000
vn 0.757739 -0.652558 0.000000
vn 0.757739 -0.652558 0.000000
vn 0.757739 -0.652558 0.000000
vn 0.757739 -0.652558 0.000000
vn 0.636469 -0.771303 0.000000
vn 0.636469 -0.771303 0.000000
vn 0.636469 -0.771303 0.000000
vn 0.636469 -0.771303 0.000000
vn 0.494484 -0.869187 0.000000
vn 0.494484 -0.869187 0.000000
vn 0.494484 -0.869187 0.000000
vn 0.494484 -0.869187 0.000000
vn 0.341573 -0.939855 0.000000
vn 0.341573 -0.939855 0.000000
vn 0.341573 -0.939855 0.000000
vn 0.341573 -0.939855 0.000000
vn 0.193496 -0.981101 0.000000
vn 0.193496 -0.981101 0.000000
vn 0.193496 -0.981101 0.000000
vn 0.193496 -0.981101 0.000000
vn 0.059900 -0.998204 0.000000
vn 0.059900 -0.998204 0.000000
vn 0.059900 -0.998204 0.000000
vn 0.059900 -0.998204 0.000000
vn -0.042173 -0.999110 -0.000000
vn -0.042173 -0.999110 -0.000000
vn -0.042173 -0.999110 -0.000000
vn -0.042173 -0.999110 -0.000000
vn -0.134516 -0.990911 -0.000000
vn -0.134516 -0.990911 -0.000000
vn -0.134516 -0.990911 -0.000000
vn -0.134516 -0.990911 -0.000000
vn -0.236866 -0.971542 -0.000000
vn -0.236866 -0.971542 -0.000000
vn -0.236866 -0.971542 -0.000000
vn -0.236866 -0.971542 -0.000000
vn -0.347038 -0.937851 -0.000000
vn -0.347038 -0.937851 -0.000000
vn -0.347038 -0.937851 -0.000000
vn -0.347038 -0.937851 -0.000000
vn -0.460970 -0.887416 -0.000000
vn -0.460970 -0.887416 -0.000000
vn -0.460970 -0.887416 -0.000000
vn -0.460970 -0.887416 -0.000000
vn -0.572960 -0.819583 -0.000000
vn -0.572960 -0.819583 -0.000000
vn -0.572960 -0.819583 -0.000000
vn -0.572960 -0.819583 -0.000000
vn -0.676714 -0.736246 -0.000000
vn -0.676714 -0.736246 -0.000000
vn -0.676714 -0.736246 -0.000000
vn -0.676714 -0.736246 -0.000000
vn -0.766900 -0.641767 -0.000000
vn -0.766900 -0.641767 -0.000000
vn -0.766900 -0.641767 -0.000000
vn -0.766900 -0.641767 -0.000000
vn -0.835628 -0.549296 -0.000000
vn -0.835628 -0.549296 -0.000000
vn -0.835628 -0.549296 -0.000000
vn -0.835628 -0.549296 -0.000000
vn -0.881480 -0.472221 -0.000000
vn -0.881480 -0.472221 -0.000000
vn -0.881480 -0.472221 -0.000000
vn -0.881480 -0.472221 -0.000000
vn -0.919409 -0.393303 -0.000000
vn -0.919409 -0.393303 -0.000000
vn -0.919409 -0.393303 -0.000000
vn -0.919409 -0.393303 -0.000000
vn -0.949248 -0.314530 -0.000000
vn -0.949248 -0.314530 -0.000000
vn -0.949248 -0.314530 -0.000000
vn -0.949248 -0.314530 -0.000000
vn -0.971348 -0.237663 -0.000000
vn -0.971348 -0.237663 -0.000000
vn -0.971348 -0.237663 -0.000000
vn -0.971348 -0.237663 -0.000000
vn -0.986445 -0.164095 -0.000000
vn -0.986445 -0.164095 -0.000000
vn -0.986445 -0.164095 -0.000000
vn -0.986445 -0.164095 -0.000000
vn -0.995497 -0.094795 -0.000000
vn -0.995497 -0.094795 -0.000000
vn -0.995497 -0.094795 -0.000000
vn -0.995497 -0.094795 -0.000000
vn -0.999540 -0.030333 -0.000000
vn -0.999540 -0.030333 -0.000000
vn -0.999540 -0.030333 -0.000000
vn -0.999540 -0.030333 -0.000000
vn -0.999437 0.033562 0.000000
vn -0.999437 0.033562 0.000000
vn -0.999437 0.033562 0.000000
vn -0.999437 0.033562 0.000000
vn -0.994357 0.106085 0.000000
vn -0.994357 0.106085 0.000000
vn -0.994357 0.106085 0.000000
vn -0.994357 0.106085 0.000000
vn -0.982611 0.185678 0.000000
vn -0.982611 0.185678 0.000000
vn -0.982611 0.185678 0.000000
vn -0.982611 0.185678 0.000000
vn -0.962400 0.271637 0.000000
vn -0.962400 0.271637 0.000000
vn -0.962400 0.271637 0.000000
vn -0.962400 0.271637 0.000000
vn -0.931996 0.362467 0.000000
vn -0.931996 0.362467 0.000000
vn -0.931996 0.362467 0.000000
vn -0.931996 0.362467 0.000000
vn -0.890092 0.455780 0.000000
vn -0.890092 0.455780 0.000000
vn -0.890092 0.455780 0.000000
vn -0.890092 0.455780 0.000000
vn -0.836212 0.548406 0.000000
vn -0.836212 0.548406 0.000000
vn -0.836212 0.548406 0.000000
vn -0.836212 0.548406 0.000000
vn -0.771050 0.636774 0.000000
vn -0.771050 0.636774 0.000000
vn -0.771050 0.636774 0.000000
vn -0.771050 0.636774 0.000000
vn -0.701063 0.713099 0.000000
vn -0.701063 0.713099 0.000000
vn -0.701063 0.713099 0.000000
vn -0.701063 0.713099 0.000000
vn -0.625068 0.780571 0.000000
vn -0.625068 0.780571 0.000000
vn -0.625068 0.780571 0.000000
vn -0.625068 0.780571 0.000000
vn -0.538538 0.842601 0.000000
vn -0.538538 0.842601 0.000000
vn -0.538538 0.842601 0.000000
vn -0.538538 0.842601 0.000000
vn -0.443518 0.896266 0.000000
vn -0.443518 0.896266 0.000000
vn -0.443518 0.896266 0.000000
vn -0.443518 0.896266 0.000000
vn -0.343098 0.939299 0.000000
vn -0.343098 0.939299 0.000000
vn -0.343098 0.939299 0.000000
vn -0.343098 0.939299 0.000000
vn -0.240943 0.970539 0.000000
vn -0.240943 0.970539 0.000000
vn -0.240943 0.970539 0.000000
vn -0.240943 0.970539 0.000000
vn -0.140653 0.990059 0.000000
vn -0.140653 0.990059 0.000000
vn -0.140653 0.990059 0.000000
vn -0.140653 0.990059 0.000000
vn -0.045216 0.998977 0.000000
vn -0.045216 0.998977 0.000000
vn -0.045216 0.998977 0.000000
vn -0.045216 0.998977 0.000000
vn 0.042351 0.999103 0.000000
vn 0.042351 0.999103 0.000000
vn 0.042351 0.999103 0.000000
vn 0.042351 0.999103 0.000000
vn 0.133251 0.991082 0.000000
vn 0.133251 0.991082 0.000000
vn 0.133251 0.991082 0.000000
vn 0.133251 0.991082 0.000000
vn 0.231254 0.972893 0.000000
vn 0.231254 0.972893 0.000000
vn 0.231254 0.972893 0.000000
vn 0.231254 0.972893 0.000000
vn 0.333960 0.942587 0.000000
vn 0.333960 0.942587 0.000000
vn 0.333960 0.942587 0.000000
vn 0.333960 0.942587 0.000000
vn 0.437863 0.899042 0.000000
vn 0.437863 0.899042 0.000000
vn 0.437863 0.899042 0.000000
vn 0.437863 0.899042 0.000000
vn 0.538747 0.842467 0.000000
vn 0.538747 0.842467 0.000000
vn 0.538747 0.842467 0.000000
vn 0.538747 0.842467 0.000000
vn 0.632416 0.774629 0.000000
vn 0.632416 0.774629 0.000000
vn 0.632416 0.774629 0.000000
vn 0.632416 0.774629 0.000000
vn 0.715514 0.698598 0.000000
vn 0.715514 0.698598 0.000000
vn 0.715514 0.698598 0.000000
vn 0.715514 0.698598 0.000000
vn 0.793374 0.608734 0.000000
vn 0.793374 0.608734 0.000000
vn 0.793374 0.608734 0.000000
vn 0.793374 0.608734 0.000000
vn 0.862406 0.506217 0.000000
vn 0.862406 0.506217 0.000000
vn 0.862406 0.506217 0.000000
vn 0.862406 0.506217 0.000000
vn 0.914410 0.404790 0.000000
vn 0.914410 0.404790 0.000000
vn 0.914410 0.404790 0.000000
vn 0.914410 0.404790 0.000000
vn 0.951155 0.308714 0.000000
vn 0.951155 0.308714 0.000000
vn 0.951155 0.308714 0.000000
vn 0.951155 0.308714 0.000000
vn 0.975378 0.220541 0.000000
vn 0.975378 0.220541 0.000000
vn 0.975378 0.220541 0.000000
vn 0.975378 0.220541 0.000000
vn 0.989961 0.141341 0.000000
vn 0.989961 0.141341 0.000000
vn 0.989961 0.141341 0.000000
vn 0.989961 0.141341 0.000000
vn 0.997466 0.071148 0.000000
vn 0.997466 0.071148 0.000000
vn 0.997466 0.071148 0.000000
vn 0.997466 0.071148 0.000000
vn 0.999956 0.009397 0.000000
vn 0.999956 0.009397 0.000000
vn 0.999956 0.009397 0.000000
vn 0.999956 0.009397 0.000000
vn 0.000000 -1.000000 0.000000
vn 0.000000 -1.000000 0.000000
vn 0.000000 -1.000000 0.000000
vn 0.000000 -1.000000 0.000000
vn 0.995880 0.090678 0.000000
vn 0.995880 0.090678 0.000000
vn 0.995880 0.090678 0.000000
vn 0.995880 0.090678 0.000000
vn 0.969696 0.244315 0.000000
vn 0.969696 0.244315 0.000000
vn 0.969696 0.244315 0.000000
vn 0.969696 0.244315 0.000000
vn 0.907702 0.419616 0.000000
vn 0.907702 0.419616 0.000000
vn 0.907702 0.419616 0.000000
vn 0.907702 0.419616 0.000000
vn 0.800392 0.599476 0.000000
vn 0.800392 0.599476 0.000000
vn 0.800392 0.599476 0.000000
vn 0.800392 0.599476 0.000000
vn 0.661195 0.750215 0.000000
vn 0.661195 0.750215 0.000000
vn 0.661195 0.750215 0.000000
vn 0.661195 0.750215 0.000000
vn 0.491335 0.870971 0.000000
vn 0.491335 0.870971 0.000000
vn 0.491335 0.870971 0.000000
vn 0.491335 0.870971 0.000000
vn 0.293147 0.956067 0.000000
vn 0.293147 0.956067 0.000000
vn 0.293147 0.956067 0.000000
vn 0.293147 0.956067 0.000000
vn 0.093009 0.995665 0.000000
vn 0.093009 0.995665 0.000000
vn 0.093009 0.995665 0.000000
vn 0.093009 0.995665 0.000000
vn -0.070828 0.997489 0.000000
vn -0.070828 0.997489 0.000000
vn -0.070828 0.997489 0.000000
vn -0.070828 0.997489 0.000000
vn -0.226236 0.974072 0.000000
vn -0.226236 0.974072 0.000000
vn -0.226236 0.974072 0.000000
vn -0.226236 0.974072 0.000000
vn -0.391555 0.920155 0.000000
vn -0.391555 0.920155 0.000000
vn -0.391555 0.920155 0.000000
vn -0.391555 0.920155 0.000000
vn -0.551665 0.834066 0.000000
vn -0.551665 0.834066 0.000000
vn -0.551665 0.834066 0.000000
vn -0.551665 0.834066 0.000000
vn -0.700746 0.713410 0.000000
vn -0.700746 0.713410 0.000000
vn -0.700746 0.713410 0.000000
vn -0.700746 0.713410 0.000000
vn -0.819232 0.573462 0.000000
vn -0.819232 0.573462 0.000000
vn -0.819232 0.573462 0.000000
vn -0.819232 0.573462 0.000000
vn -0.897235 0.441553 0.000000
vn -0.897235 0.441553 0.000000
vn -0.897235 0.441553 0.000000
vn -0.897235 0.441553 0.000000
vn -0.945137 0.326675 0.000000
vn -0.945137 0.326675 0.000000
vn -0.945137 0.326675 0.000000
vn -0.945137 0.326675 0.000000
vn -0.996126 -0.087941 -0.000000
vn -0.996126 -0.087941 -0.000000
vn -0.996126 -0.087941 -0.000000
vn -0.996126 -0.087941 -0.000000
vn -0.971588 -0.236677 -0.000000
vn -0.971588 -0.236677 -0.000000
vn -0.971588 -0.236677 -0.000000
vn -0.971588 -0.236677 -0.000000
vn -0.911209 -0.411944 -0.000000
vn -0.911209 -0.411944 -0.000000
vn -0.911209 -0.411944 -0.000000
vn -0.911209 -0.411944 -0.000000
vn -0.801271 -0.598301 -0.000000
vn -0.801271 -0.598301 -0.000000
vn -0.801271 -0.598301 -0.000000
vn -0.801271 -0.598301 -0.000000
vn -0.659975 -0.751288 -0.000000
vn -0.659975 -0.751288 -0.000000
vn -0.659975 -0.751288 -0.000000
vn -0.659975 -0.751288 -0.000000
vn -0.494545 -0.869152 -0.000000
vn -0.494545 -0.869152 -0.000000
vn -0.494545 -0.869152 -0.000000
vn -0.494545 -0.869152 -0.000000
vn -0.298097 -0.954536 -0.000000
vn -0.298097 -0.954536 -0.000000
vn -0.298097 -0.954536 -0.000000
vn -0.298097 -0.954536 -0.000000
vn -0.095483 -0.995431 -0.000000
vn -0.095483 -0.995431 -0.000000
vn -0.095483 -0.995431 -0.000000
vn -0.095483 -0.995431 -0.000000
vn 0.094742 -0.995502 0.000000
vn 0.094742 -0.995502 0.000000
vn 0.094742 -0.995502 0.000000
vn 0.094742 -0.995502 0.000000
vn 0.299633 -0.954055 0.000000
vn 0.299633 -0.954055 0.000000
vn 0.299633 -0.954055 0.000000
vn 0.299633 -0.954055 0.000000
vn 0.502751 -0.864431 0.000000
vn 0.502751 -0.864431 0.000000
vn 0.502751 -0.864431 0.000000
vn 0.502751 -0.864431 0.000000
vn 0.675464 -0.737393 0.000000
vn 0.675464 -0.737393 0.000000
vn 0.675464 -0.737393 0.000000
vn 0.675464 -0.737393 0.000000
vn 0.812510 -0.582948 0.000000
vn 0.812510 -0.582948 0.000000
vn 0.812510 -0.582948 0.000000
vn 0.812510 -0.582948 0.000000
vn 0.916405 -0.400253 0.000000
vn 0.916405 -0.400253 0.000000
vn 0.916405 -0.400253 0.000000
vn 0.916405 -0.400253 0.000000
vn 0.975502 -0.219991 0.000000
vn 0.975502 -0.219991 0.000000
vn 0.975502 -0.219991 0.000000
vn 0.975502 -0.219991 0.000000
vn 0.998158 -0.060668 0.000000
vn 0.998158 -0.060668 0.000000
vn 0.998158 -0.060668 0.000000
vn 0.998158 -0.060668 0.000000
vn 0.000000 1.000000 0.000000
vn 0.000000 1.000000 0.000000
vn 0.000000 1.000000 0.000000
vn 0.000000 1.000000 0.000000

usemtl ralle_outer
f 179//179 180//180 181//181
f 179//179 181//181 182//182
f 183//183 184//184 185//185
f 183//183 185//185 186//186
f 187//187 188//188 189//189
f 187//187 189//189 190//190
f 191//191 192//192 193//193
f 191//191 193//193 194//194
f 195//195 196//196 197//197
f 195//195 197//197 198//198
f 199//199 200//200 201//201
f 199//199 201//201 202//202
f 203//203 204//204 205//205
f 203//203 205//205 206//206
f 207//207 208//208 209//209
f 207//207 209//209 210//210
f 211//211 212//212 213//213
f 211//211 213//213 214//214
f 215//215 216//216 217//217
f 215//215 217//217 218//218
f 219//219 220//220 221//221
f 219//219 221//221 222//222
f 223//223 224//224 225//225
f 223//223 225//225 226//226
f 227//227 228//228 229//229
f 227//227 229//229 230//230
f 231//231 232//232 233//233
f 231//231 233//233 234//234
f 235//235 236//236 237//237
f 235//235 237//237 238//238
f 239//239 240//240 241//241
f 239//239 241//241 242//242
f 243//243 244//244 245//245
f 243//243 245//245 246//246
f 247//247 248//248 249//249
f 247//247 249//249 250//250
f 251//251 252//252 253//253
f 251//251 253//253 254//254
f 255//255 256//256 257//257
f 255//255 257//257 258//258
f 259//259 260//260 261//261
f 259//259 261//261 262//262
f 263//263 264//264 265//265
f 263//263 265//265 266//266
f 267//267 268//268 269//269
f 267//267 269//269 270//270
f 271//271 272//272 273//273
f 271//271 273//273 274//274
f 275//275 276//276 277//277
f 275//275 277//277 278//278
f 279//279 280//280 281//281
f 279//279 281//281 282//282
f 283//283 284//284 285//285
f 283//283 285//285 286//286
f 287//287 288//288 289//289
f 287//287 289//289 290//290
f 291//291 292//292 293//293
f 291//291 293//293 294//294
f 295//295 296//296 297//297
f 295//295 297//297 298//298
f 299//299 300//300 301//301
f 299//299 301//301 302//302
f 303//303 304//304 305//305
f 303//303 305//305 306//306
f 307//307 308//308 309//309
f 307//307 309//309 310//310
f 311//311 312//312 313//313
f 311//311 313//313 314//314
f 315//315 316//316 317//317
f 315//315 317//317 318//318
f 319//319 320//320 321//321
f 319//319 321//321 322//322
f 323//323 324//324 325//325
f 323//323 325//325 326//326
f 327//327 328//328 329//329
f 327//327 329//329 330//330
f 331//331 332//332 333//333
f 331//331 333//333 334//334
f 335//335 336//336 337//337
f 335//335 337//337 338//338
f 339//339 340//340 341//341
f 339//339 341//341 342//342
f 343//343 344//344 345//345
f 343//343 345//345 346//346
f 347//347 348//348 349//349
f 347//347 349//349 350//350
f 351//351 352//352 353//353
f 351//351 353//353 354//354
f 355//355 356//356 357//357
f 355//355 357//357 358//358
f 359//359 360//360 361//361
f 359//359 361//361 362//362
f 363//363 364//364 365//365
f 363//363 365//365 366//366
f 367//367 368//368 369//369
f 367//367 369//369 370//370
f 371//371 372//372 373//373
f 371//371 373//373 374//374
f 375//375 376//376 377//377
f 375//375 377//377 378//378
f 379//379 380//380 381//381
f 379//379 381//381 382//382
f 383//383 384//384 385//385
f 383//383 385//385 386//386
f 387//387 388//388 389//389
f 387//387 389//389 390//390
f 391//391 392//392 393//393
f 391//391 393//393 394//394
f 395//395 396//396 397//397
f 395//395 397//397 398//398
f 399//399 400//400 401//401
f 399//399 401//401 402//402
f 403//403 404//404 405//405
f 403//403 405//405 406//406
f 407//407 408//408 409//409
f 407//407 409//409 410//410
f 411//411 412//412 413//413
f 411//411 413//413 414//414
f 415//415 416//416 417//417
f 415//415 417//417 418//418
f 419//419 420//420 421//421
f 419//419 421//421 422//422
f 423//423 424//424 425//425
f 423//423 425//425 426//426
f 427//427 428//428 429//429
f 427//427 429//429 430//430
f 431//431 432//432 433//433
f 431//431 433//433 434//434
f 435//435 436//436 437//437
f 435//435 437//437 438//438
f 439//439 440//440 441//441
f 439//439 441//441 442//442
f 443//443 444//444 445//445
f 443//443 445//445 446//446
f 447//447 448//448 449//449
f 447//447 449//449 450//450
f 451//451 452//452 453//453
f 451//451 453//453 454//454
f 455//455 456//456 457//457
f 455//455 457//457 458//458
f 459//459 460//460 461//461
f 459//459 461//461 462//462
f 463//463 464//464 465//465
f 463//463 465//465 466//466
f 467//467 468//468 469//469
f 467//467 469//469 470//470
f 471//471 472//472 473//473
f 471//471 473//473 474//474
f 475//475 476//476 477//477
f 475//475 477//477 478//478
f 479//479 480//480 481//481
f 479//479 481//481 482//482
f 483//483 484//484 485//485
f 483//483 485//485 486//486
f 487//487 488//488 489//489
f 487//487 489//489 490//490
f 491//491 492//492 493//493
f 491//491 493//493 494//494
f 495//495 496//496 497//497
f 495//495 497//497 498//498
f 499//499 500//500 501//501
f 499//499 501//501 502//502
f 503//503 504//504 505//505
f 503//503 505//505 506//506
f 507//507 508//508 509//509
f 507//507 509//509 510//510
f 511//511 512//512 513//513
f 511//511 513//513 514//514
f 515//515 516//516 517//517
f 515//515 517//517 518//518
f 519//519 520//520 521//521
f 519//519 521//521 522//522
f 523//523 524//524 525//525
f 523//523 525//525 526//526
f 527//527 528//528 529//529
f 527//527 529//529 530//530
f 531//531 532//532 533//533
f 531//531 533//533 534//534
f 1047//1047 1048//1048 1049//1049
f 1047//1047 1049//1049 1050//1050
f 1051//1051 1052//1052 1053//1053
f 1051//1051 1053//1053 1054//1054
f 1055//1055 1056//1056 1057//1057
f 1055//1055 1057//1057 1058//1058
f 1059//1059 1060//1060 1061//1061
f 1059//1059 1061//1061 1062//1062
f 1063//1063 1064//1064 1065//1065
f 1063//1063 1065//1065 1066//1066
f 1067//1067 1068//1068 1069//1069
f 1067//1067 1069//1069 1070//1070
f 1071//1071 1072//1072 1073//1073
f 1071//1071 1073//1073 1074//1074
f 1075//1075 1076//1076 1077//1077
f 1075//1075 1077//1077 1078//1078
f 1079//1079 1080//1080 1081//1081
f 1079//1079 1081//1081 1082//1082
f 1083//1083 1084//1084 1085//1085
f 1083//1083 1085//1085 1086//1086
f 1087//1087 1088//1088 1089//1089
f 1087//1087 1089//1089 1090//1090
f 1091//1091 1092//1092 1093//1093
f 1091//1091 1093//1093 1094//1094
f 1095//1095 1096//1096 1097//1097
f 1095//1095 1097//1097 1098//1098
f 1099//1099 1100//1100 1101//1101
f 1099//1099 1101//1101 1102//1102
f 1103//1103 1104//1104 1105//1105
f 1103//1103 1105//1105 1106//1106
f 1107//1107 1108//1108 1109//1109
f 1107//1107 1109//1109 1110//1110
f 1111//1111 1112//1112 1113//1113
f 1111//1111 1113//1113 1114//1114
f 1115//1115 1116//1116 1117//1117
f 1115//1115 1117//1117 1118//1118
f 1119//1119 1120//1120 1121//1121
f 1119//1119 1121//1121 1122//1122
f 1123//1123 1124//1124 1125//1125
f 1123//1123 1125//1125 1126//1126
f 1127//1127 1128//1128 1129//1129
f 1127//1127 1129//1129 1130//1130
f 1131//1131 1132//1132 1133//1133
f 1131//1131 1133//1133 1134//1134
f 1135//1135 1136//1136 1137//1137
f 1135//1135 1137//1137 1138//1138
f 1139//1139 1140//1140 1141//1141
f 1139//1139 1141//1141 1142//1142
f 1143//1143 1144//1144 1145//1145
f 1143//1143 1145//1145 1146//1146
f 1147//1147 1148//1148 1149//1149
f 1147//1147 1149//1149 1150//1150
f 1151//1151 1152//1152 1153//1153
f 1151//1151 1153//1153 1154//1154
f 1155//1155 1156//1156 1157//1157
f 1155//1155 1157//1157 1158//1158
f 1159//1159 1160//1160 1161//1161
f 1159//1159 1161//1161 1162//1162
f 1163//1163 1164//1164 1165//1165
f 1163//1163 1165//1165 1166//1166
f 1167//1167 1168//1168 1169//1169
f 1167//1167 1169//1169 1170//1170
f 1171//1171 1172//1172 1173//1173
f 1171//1171 1173//1173 1174//1174
f 1175//1175 1176//1176 1177//1177
f 1175//1175 1177//1177 1178//1178
f 1179//1179 1180//1180 1181//1181
f 1179//1179 1181//1181 1182//1182
f 1183//1183 1184//1184 1185//1185
f 1183//1183 1185//1185 1186//1186
f 1187//1187 1188//1188 1189//1189
f 1187//1187 1189//1189 1190//1190
f 1191//1191 1192//1192 1193//1193
f 1191//1191 1193//1193 1194//1194
f 1195//1195 1196//1196 1197//1197
f 1195//1195 1197//1197 1198//1198
f 1199//1199 1200//1200 1201//1201
f 1199//1199 1201//1201 1202//1202
f 1203//1203 1204//1204 1205//1205
f 1203//1203 1205//1205 1206//1206
f 1207//1207 1208//1208 1209//1209
f 1207//1207 1209//1209 1210//1210
f 1211//1211 1212//1212 1213//1213
f 1211//1211 1213//1213 1214//1214
f 1215//1215 1216//1216 1217//1217
f 1215//1215 1217//1217 1218//1218
f 1219//1219 1220//1220 1221//1221
f 1219//1219 1221//1221 1222//1222
f 1223//1223 1224//1224 1225//1225
f 1223//1223 1225//1225 1226//1226
f 1227//1227 1228//1228 1229//1229
f 1227//1227 1229//1229 1230//1230
f 1231//1231 1232//1232 1233//1233
f 1231//1231 1233//1233 1234//1234
f 1235//1235 1236//1236 1237//1237
f 1235//1235 1237//1237 1238//1238
f 1239//1239 1240//1240 1241//1241
f 1239//1239 1241//1241 1242//1242
f 1243//1243 1244//1244 1245//1245
f 1243//1243 1245//1245 1246//1246
f 1247//1247 1248//1248 1249//1249
f 1247//1247 1249//1249 1250//1250
f 1251//1251 1252//1252 1253//1253
f 1251//1251 1253//1253 1254//1254
f 1255//1255 1256//1256 1257//1257
f 1255//1255 1257//1257 1258//1258
f 1259//1259 1260//1260 1261//1261
f 1259//1259 1261//1261 1262//1262
f 1263//1263 1264//1264 1265//1265
f 1263//1263 1265//1265 1266//1266
f 1267//1267 1268//1268 1269//1269
f 1267//1267 1269//1269 1270//1270
f 1271//1271 1272//1272 1273//1273
f 1271//1271 1273//1273 1274//1274
f 1275//1275 1276//1276 1277//1277
f 1275//1275 1277//1277 1278//1278
f 1279//1279 1280//1280 1281//1281
f 1279//1279 1281//1281 1282//1282
f 1283//1283 1284//1284 1285//1285
f 1283//1283 1285//1285 1286//1286
f 1287//1287 1288//1288 1289//1289
f 1287//1287 1289//1289 1290//1290
f 1291//1291 1292//1292 1293//1293
f 1291//1291 1293//1293 1294//1294
f 1295//1295 1296//1296 1297//1297
f 1295//1295 1297//1297 1298//1298
f 1299//1299 1300//1300 1301//1301
f 1299//1299 1301//1301 1302//1302
f 1303//1303 1304//1304 1305//1305
f 1303//1303 1305//1305 1306//1306
f 1307//1307 1308//1308 1309//1309
f 1307//1307 1309//1309 1310//1310
f 1311//1311 1312//1312 1313//1313
f 1311//1311 1313//1313 1314//1314
f 1315//1315 1316//1316 1317//1317
f 1315//1315 1317//1317 1318//1318
f 1319//1319 1320//1320 1321//1321
f 1319//1319 1321//1321 1322//1322
f 1323//1323 1324//1324 1325//1325
f 1323//1323 1325//1325 1326//1326
f 1327//1327 1328//1328 1329//1329
f 1327//1327 1329//1329 1330//1330
f 1331//1331 1332//1332 1333//1333
f 1331//1331 1333//1333 1334//1334
f 1335//1335 1336//1336 1337//1337
f 1335//1335 1337//1337 1338//1338
f 1339//1339 1340//1340 1341//1341
f 1339//1339 1341//1341 1342//1342
f 1343//1343 1344//1344 1345//1345
f 1343//1343 1345//1345 1346//1346
f 1347//1347 1348//1348 1349//1349
f 1347//1347 1349//1349 1350//1350
f 1351//1351 1352//1352 1353//1353
f 1351//1351 1353//1353 1354//1354
f 1355//1355 1356//1356 1357//1357
f 1355//1355 1357//1357 1358//1358
f 1359//1359 1360//1360 1361//1361
f 1359//1359 1361//1361 1362//1362
f 1363//1363 1364//1364 1365//1365
f 1363//1363 1365//1365 1366//1366
f 1367//1367 1368//1368 1369//1369
f 1367//1367 1369//1369 1370//1370
f 1371//1371 1372//1372 1373//1373
f 1371//1371 1373//1373 1374//1374
f 1375//1375 1376//1376 1377//1377
f 1375//1375 1377//1377 1378//1378
f 1379//1379 1380//1380 1381//1381
f 1379//1379 1381//1381 1382//1382
f 1383//1383 1384//1384 1385//1385
f 1383//1383 1385//1385 1386//1386
f 1387//1387 1388//1388 1389//1389
f 1387//1387 1389//1389 1390//1390
f 1391//1391 1392//1392 1393//1393
f 1391//1391 1393//1393 1394//1394
f 1395//1395 1396//1396 1397//1397
f 1395//1395 1397//1397 1398//1398
f 1399//1399 1400//1400 1401//1401
f 1399//1399 1401//1401 1402//1402
f 1403//1403 1404//1404 1405//1405
f 1403//1403 1405//1405 1406//1406
f 1407//1407 1408//1408 1409//1409
f 1407//1407 1409//1409 1410//1410
f 1411//1411 1412//1412 1413//1413
f 1411//1411 1413//1413 1414//1414
f 1415//1415 1416//1416 1417//1417
f 1415//1415 1417//1417 1418//1418
f 1419//1419 1420//1420 1421//1421
f 1419//1419 1421//1421 1422//1422
f 1423//1423 1424//1424 1425//1425
f 1423//1423 1425//1425 1426//1426
f 1427//1427 1428//1428 1429//1429
f 1427//1427 1429//1429 1430//1430
f 1431//1431 1432//1432 1433//1433
f 1431//1431 1433//1433 1434//1434
f 1435//1435 1436//1436 1437//1437
f 1435//1435 1437//1437 1438//1438
f 1439//1439 1440//1440 1441//1441
f 1439//1439 1441//1441 1442//1442
f 1443//1443 1444//1444 1445//1445
f 1443//1443 1445//1445 1446//1446
f 1447//1447 1448//1448 1449//1449
f 1447//1447 1449//1449 1450//1450
f 1451//1451 1452//1452 1453//1453
f 1451//1451 1453//1453 1454//1454
f 1455//1455 1456//1456 1457//1457
f 1455//1455 1457//1457 1458//1458
f 1459//1459 1460//1460 1461//1461
f 1459//1459 1461//1461 1462//1462
f 1463//1463 1464//1464 1465//1465
f 1463//1463 1465//1465 1466//1466
f 1467//1467 1468//1468 1469//1469
f 1467//1467 1469//1469 1470//1470
f 1471//1471 1472//1472 1473//1473
f 1471//1471 1473//1473 1474//1474
f 1475//1475 1476//1476 1477//1477
f 1475//1475 1477//1477 1478//1478
f 1479//1479 1480//1480 1481//1481
f 1479//1479 1481//1481 1482//1482
f 1483//1483 1484//1484 1485//1485
f 1483//1483 1485//1485 1486//1486
f 1487//1487 1488//1488 1489//1489
f 1487//1487 1489//1489 1490//1490
f 1491//1491 1492//1492 1493//1493
f 1491//1491 1493//1493 1494//1494
f 1495//1495 1496//1496 1497//1497
f 1495//1495 1497//1497 1498//1498
f 1499//1499 1500//1500 1501//1501
f 1499//1499 1501//1501 1502//1502
f 1503//1503 1504//1504 1505//1505
f 1503//1503 1505//1505 1506//1506
f 1507//1507 1508//1508 1509//1509
f 1507//1507 1509//1509 1510//1510
f 1511//1511 1512//1512 1513//1513
f 1511//1511 1513//1513 1514//1514
f 1515//1515 1516//1516 1517//1517
f 1515//1515 1517//1517 1518//1518
f 1519//1519 1520//1520 1521//1521
f 1519//1519 1521//1521 1522//1522
f 1523//1523 1524//1524 1525//1525
f 1523//1523 1525//1525 1526//1526
f 1527//1527 1528//1528 1529//1529
f 1527//1527 1529//1529 1530//1530
f 1531//1531 1532//1532 1533//1533
f 1531//1531 1533//1533 1534//1534
f 1535//1535 1536//1536 1537//1537
f 1535//1535 1537//1537 1538//1538
f 1539//1539 1540//1540 1541//1541
f 1539//1539 1541//1541 1542//1542
f 1543//1543 1544//1544 1545//1545
f 1543//1543 1545//1545 1546//1546
f 1547//1547 1548//1548 1549//1549
f 1547//1547 1549//1549 1550//1550
f 1551//1551 1552//1552 1553//1553
f 1551//1551 1553//1553 1554//1554
f 1555//1555 1556//1556 1557//1557
f 1555//1555 1557//1557 1558//1558
f 1559//1559 1560//1560 1561//1561
f 1559//1559 1561//1561 1562//1562
f 1563//1563 1564//1564 1565//1565
f 1563//1563 1565//1565 1566//1566
f 1567//1567 1568//1568 1569//1569
f 1567//1567 1569//1569 1570//1570
f 1571//1571 1572//1572 1573//1573
f 1571//1571 1573//1573 1574//1574
f 1575//1575 1576//1576 1577//1577
f 1575//1575 1577//1577 1578//1578
f 1579//1579 1580//1580 1581//1581
f 1579//1579 1581//1581 1582//1582
f 1583//1583 1584//1584 1585//1585
f 1583//1583 1585//1585 1586//1586
f 1587//1587 1588//1588 1589//1589
f 1587//1587 1589//1589 1590//1590
f 1591//1591 1592//1592 1593//1593
f 1591//1591 1593//1593 1594//1594
f 1595//1595 1596//1596 1597//1597
f 1595//1595 1597//1597 1598//1598
f 1599//1599 1600//1600 1601//1601
f 1599//1599 1601//1601 1602//1602
f 1603//1603 1604//1604 1605//1605
f 1603//1603 1605//1605 1606//1606
f 1607//1607 1608//1608 1609//1609
f 1607//1607 1609//1609 1610//1610
f 1611//1611 1612//1612 1613//1613
f 1611//1611 1613//1613 1614//1614
f 1615//1615 1616//1616 1617//1617
f 1615//1615 1617//1617 1618//1618
f 1619//1619 1620//1620 1621//1621
f 1619//1619 1621//1621 1622//1622
f 1623//1623 1624//1624 1625//1625
f 1623//1623 1625//1625 1626//1626
f 1627//1627 1628//1628 1629//1629
f 1627//1627 1629//1629 1630//1630
f 1631//1631 1632//1632 1633//1633
f 1631//1631 1633//1633 1634//1634
f 1635//1635 1636//1636 1637//1637
f 1635//1635 1637//1637 1638//1638
f 1639//1639 1640//1640 1641//1641
f 1639//1639 1641//1641 1642//1642
f 1643//1643 1644//1644 1645//1645
f 1643//1643 1645//1645 1646//1646
f 1647//1647 1648//1648 1649//1649
f 1647//1647 1649//1649 1650//1650
f 1651//1651 1652//1652 1653//1653
f 1651//1651 1653//1653 1654//1654
f 1655//1655 1656//1656 1657//1657
f 1655//1655 1657//1657 1658//1658
f 1659//1659 1660//1660 1661//1661
f 1659//1659 1661//1661 1662//1662
f 1663//1663 1664//1664 1665//1665
f 1663//1663 1665//1665 1666//1666
f 1667//1667 1668//1668 1669//1669
f 1667//1667 1669//1669 1670//1670
f 1671//1671 1672//1672 1673//1673
f 1671//1671 1673//1673 1674//1674
f 1675//1675 1676//1676 1677//1677
f 1675//1675 1677//1677 1678//1678
f 1679//1679 1680//1680 1681//1681
f 1679//1679 1681//1681 1682//1682
f 1683//1683 1684//1684 1685//1685
f 1683//1683 1685//1685 1686//1686
f 1687//1687 1688//1688 1689//1689
f 1687//1687 1689//1689 1690//1690
f 1691//1691 1692//1692 1693//1693
f 1691//1691 1693//1693 1694//1694
f 1695//1695 1696//1696 1697//1697
f 1695//1695 1697//1697 1698//1698
f 1699//1699 1700//1700 1701//1701
f 1699//1699 1701//1701 1702//1702
f 1703//1703 1704//1704 1705//1705
f 1703//1703 1705//1705 1706//1706
f 1707//1707 1708//1708 1709//1709
f 1707//1707 1709//1709 1710//1710
f 1711//1711 1712//1712 1713//1713
f 1711//1711 1713//1713 1714//1714
f 1715//1715 1716//1716 1717//1717
f 1715//1715 1717//1717 1718//1718
f 1719//1719 1720//1720 1721//1721
f 1719//1719 1721//1721 1722//1722
f 1723//1723 1724//1724 1725//1725
f 1723//1723 1725//1725 1726//1726
f 1727//1727 1728//1728 1729//1729
f 1727//1727 1729//1729 1730//1730
f 1731//1731 1732//1732 1733//1733
f 1731//1731 1733//1733 1734//1734
f 1735//1735 1736//1736 1737//1737
f 1735//1735 1737//1737 1738//1738
f 1739//1739 1740//1740 1741//1741
f 1739//1739 1741//1741 1742//1742
f 1743//1743 1744//1744 1745//1745
f 1743//1743 1745//1745 1746//1746
f 1747//1747 1748//1748 1749//1749
f 1747//1747 1749//1749 1750//1750
f 1751//1751 1752//1752 1753//1753
f 1751//1751 1753//1753 1754//1754
f 1755//1755 1756//1756 1757//1757
f 1755//1755 1757//1757 1758//1758
f 1759//1759 1760//1760 1761//1761
f 1759//1759 1761//1761 1762//1762
f 1763//1763 1764//1764 1765//1765
f 1763//1763 1765//1765 1766//1766
f 1767//1767 1768//1768 1769//1769
f 1767//1767 1769//1769 1770//1770
f 1771//1771 1772//1772 1773//1773
f 1771//1771 1773//1773 1774//1774
f 1775//1775 1776//1776 1777//1777
f 1775//1775 1777//1777 1778//1778
f 1779//1779 1780//1780 1781//1781
f 1779//1779 1781//1781 1782//1782
f 1783//1783 1784//1784 1785//1785
f 1783//1783 1785//1785 1786//1786
f 1787//1787 1788//1788 1789//1789
f 1787//1787 1789//1789 1790//1790
f 1791//1791 1792//1792 1793//1793
f 1791//1791 1793//1793 1794//1794
f 1795//1795 1796//1796 1797//1797
f 1795//1795 1797//1797 1798//1798
f 1799//1799 1800//1800 1801//1801
f 1799//1799 1801//1801 1802//1802
f 1803//1803 1804//1804 1805//1805
f 1803//1803 1805//1805 1806//1806
f 1807//1807 1808//1808 1809//1809
f 1807//1807 1809//1809 1810//1810
f 1811//1811 1812//1812 1813//1813
f 1811//1811 1813//1813 1814//1814
f 1815//1815 1816//1816 1817//1817
f 1815//1815 1817//1817 1818//1818
f 1819//1819 1820//1820 1821//1821
f 1819//1819 1821//1821 1822//1822
f 1823//1823 1824//1824 1825//1825
f 1823//1823 1825//1825 1826//1826
f 1827//1827 1828//1828 1829//1829
f 1827//1827 1829//1829 1830//1830
f 1831//1831 1832//1832 1833//1833
f 1831//1831 1833//1833 1834//1834
f 1835//1835 1836//1836 1837//1837
f 1835//1835 1837//1837 1838//1838
f 1839//1839 1840//1840 1841//1841
f 1839//1839 1841//1841 1842//1842
f 1843//1843 1844//1844 1845//1845
f 1843//1843 1845//1845 1846//1846
f 1847//1847 1848//1848 1849//1849
f 1847//1847 1849//1849 1850//1850
f 1851//1851 1852//1852 1853//1853
f 1851//1851 1853//1853 1854//1854
f 1855//1855 1856//1856 1857//1857
f 1855//1855 1857//1857 1858//1858
f 1859//1859 1860//1860 1861//1861
f 1859//1859 1861//1861 1862//1862
f 1863//1863 1864//1864 1865//1865
f 1863//1863 1865//1865 1866//1866
f 1867//1867 1868//1868 1869//1869
f 1867//1867 1869//1869 1870//1870
f 1871//1871 1872//1872 1873//1873
f 1871//1871 1873//1873 1874//1874
f 1875//1875 1876//1876 1877//1877
f 1875//1875 1877//1877 1878//1878
f 1879//1879 1880//1880 1881//1881
f 1879//1879 1881//1881 1882//1882
f 1883//1883 1884//1884 1885//1885
f 1883//1883 1885//1885 1886//1886
f 1887//1887 1888//1888 1889//1889
f 1887//1887 1889//1889 1890//1890
f 1891//1891 1892//1892 1893//1893
f 1891//1891 1893//1893 1894//1894
f 1895//1895 1896//1896 1897//1897
f 1895//1895 1897//1897 1898//1898
f 1899//1899 1900//1900 1901//1901
f 1899//1899 1901//1901 1902//1902
f 1903//1903 1904//1904 1905//1905
f 1903//1903 1905//1905 1906//1906
f 1907//1907 1908//1908 1909//1909
f 1907//1907 1909//1909 1910//1910
f 1911//1911 1912//1912 1913//1913
f 1911//1911 1913//1913 1914//1914
f 1915//1915 1916//1916 1917//1917
f 1915//1915 1917//1917 1918//1918
f 1919//1919 1920//1920 1921//1921
f 1919//1919 1921//1921 1922//1922
f 1923//1923 1924//1924 1925//1925
f 1923//1923 1925//1925 1926//1926
f 1927//1927 1928//1928 1929//1929
f 1927//1927 1929//1929 1930//1930
f 1931//1931 1932//1932 1933//1933
f 1931//1931 1933//1933 1934//1934
f 1935//1935 1936//1936 1937//1937
f 1935//1935 1937//1937 1938//1938
f 1939//1939 1940//1940 1941//1941
f 1939//1939 1941//1941 1942//1942
f 1943//1943 1944//1944 1945//1945
f 1943//1943 1945//1945 1946//1946
f 1947//1947 1948//1948 1949//1949
f 1947//1947 1949//1949 1950//1950
f 1951//1951 1952//1952 1953//1953
f 1951//1951 1953//1953 1954//1954
f 1955//1955 1956//1956 1957//1957
f 1955//1955 1957//1957 1958//1958
f 1959//1959 1960//1960 1961//1961
f 1959//1959 1961//1961 1962//1962
f 1963//1963 1964//1964 1965//1965
f 1963//1963 1965//1965 1966//1966
f 1967//1967 1968//1968 1969//1969
f 1967//1967 1969//1969 1970//1970
f 1971//1971 1972//1972 1973//1973
f 1971//1971 1973//1973 1974//1974
f 1975//1975 1976//1976 1977//1977
f 1975//1975 1977//1977 1978//1978
f 1979//1979 1980//1980 1981//1981
f 1979//1979 1981//1981 1982//1982
f 1983//1983 1984//1984 1985//1985
f 1983//1983 1985//1985 1986//1986
f 1987//1987 1988//1988 1989//1989
f 1987//1987 1989//1989 1990//1990
f 1991//1991 1992//1992 1993//1993
f 1991//1991 1993//1993 1994//1994
f 1995//1995 1996//1996 1997//1997
f 1995//1995 1997//1997 1998//1998
f 1999//1999 2000//2000 2001//2001
f 1999//1999 2001//2001 2002//2002
f 2003//2003 2004//2004 2005//2005
f 2003//2003 2005//2005 2006//2006
f 2007//2007 2008//2008 2009//2009
f 2007//2007 2009//2009 2010//2010
f 2011//2011 2012//2012 2013//2013
f 2011//2011 2013//2013 2014//2014
f 2015//2015 2016//2016 2017//2017
f 2015//2015 2017//2017 2018//2018
f 2019//2019 2020//2020 2021//2021
f 2019//2019 2021//2021 2022//2022
f 2023//2023 2024//2024 2025//2025
f 2023//2023 2025//2025 2026//2026
f 2027//2027 2028//2028 2029//2029
f 2027//2027 2029//2029 2030//2030
f 2031//2031 2032//2032 2033//2033
f 2031//2031 2033//2033 2034//2034
f 2035//2035 2036//2036 2037//2037
f 2035//2035 2037//2037 2038//2038
f 2039//2039 2040//2040 2041//2041
f 2039//2039 2041//2041 2042//2042
f 2043//2043 2044//2044 2045//2045
f 2043//2043 2045//2045 2046//2046
f 2047//2047 2048//2048 2049//2049
f 2047//2047 2049//2049 2050//2050
f 2051//2051 2052//2052 2053//2053
f 2051//2051 2053//2053 2054//2054
f 2055//2055 2056//2056 2057//2057
f 2055//2055 2057//2057 2058//2058
f 2059//2059 2060//2060 2061//2061
f 2059//2059 2061//2061 2062//2062
f 2063//2063 2064//2064 2065//2065
f 2063//2063 2065//2065 2066//2066
f 2067//2067 2068//2068 2069//2069
f 2067//2067 2069//2069 2070//2070
f 2079//2079 2080//2080 2081//2081
f 2079//2079 2081//2081 2082//2082
f 2083//2083 2084//2084 2085//2085
f 2083//2083 2085//2085 2086//2086
f 2087//2087 2088//2088 2089//2089
f 2087//2087 2089//2089 2090//2090
f 2091//2091 2092//2092 2093//2093
f 2091//2091 2093//2093 2094//2094
f 2103//2103 2104//2104 2105//2105
f 2103//2103 2105//2105 2106//2106
f 2107//2107 2108//2108 2109//2109
f 2107//2107 2109//2109 2110//2110
f 2111//2111 2112//2112 2113//2113
f 2111//2111 2113//2113 2114//2114
f 2115//2115 2116//2116 2117//2117
f 2115//2115 2117//2117 2118//2118
f 2301//2301 2302//2302 2303//2303
f 2301//2301 2303//2303 2304//2304
f 2305//2305 2306//2306 2307//2307
f 2305//2305 2307//2307 2308//2308
f 2309//2309 2310//2310 2311//2311
f 2309//2309 2311//2311 2312//2312
f 2313//2313 2314//2314 2315//2315
f 2313//2313 2315//2315 2316//2316
f 2317//2317 2318//2318 2319//2319
f 2317//2317 2319//2319 2320//2320
f 2321//2321 2322//2322 2323//2323
f 2321//2321 2323//2323 2324//2324
f 2325//2325 2326//2326 2327//2327
f 2325//2325 2327//2327 2328//2328
f 2329//2329 2330//2330 2331//2331
f 2329//2329 2331//2331 2332//2332
f 2333//2333 2334//2334 2335//2335
f 2333//2333 2335//2335 2336//2336
f 2337//2337 2338//2338 2339//2339
f 2337//2337 2339//2339 2340//2340
f 2341//2341 2342//2342 2343//2343
f 2341//2341 2343//2343 2344//2344
f 2345//2345 2346//2346 2347//2347
f 2345//2345 2347//2347 2348//2348
f 2349//2349 2350//2350 2351//2351
f 2349//2349 2351//2351 2352//2352
f 2353//2353 2354//2354 2355//2355
f 2353//2353 2355//2355 2356//2356
f 2357//2357 2358//2358 2359//2359
f 2357//2357 2359//2359 2360//2360
f 2361//2361 2362//2362 2363//2363
f 2361//2361 2363//2363 2364//2364
f 2365//2365 2366//2366 2367//2367
f 2365//2365 2367//2367 2368//2368
f 2369//2369 2370//2370 2371//2371
f 2369//2369 2371//2371 2372//2372
f 2373//2373 2374//2374 2375//2375
f 2373//2373 2375//2375 2376//2376
f 2377//2377 2378//2378 2379//2379
f 2377//2377 2379//2379 2380//2380
f 2381//2381 2382//2382 2383//2383
f 2381//2381 2383//2383 2384//2384
f 2385//2385 2386//2386 2387//2387
f 2385//2385 2387//2387 2388//2388
f 2389//2389 2390//2390 2391//2391
f 2389//2389 2391//2391 2392//2392
f 2393//2393 2394//2394 2395//2395
f 2393//2393 2395//2395 2396//2396
f 2397//2397 2398//2398 2399//2399
f 2397//2397 2399//2399 2400//2400
f 2401//2401 2402//2402 2403//2403
f 2401//2401 2403//2403 2404//2404
f 2405//2405 2406//2406 2407//2407
f 2405//2405 2407//2407 2408//2408
f 2409//2409 2410//2410 2411//2411
f 2409//2409 2411//2411 2412//2412
f 2413//2413 2414//2414 2415//2415
f 2413//2413 2415//2415 2416//2416
f 2417//2417 2418//2418 2419//2419
f 2417//2417 2419//2419 2420//2420
f 2421//2421 2422//2422 2423//2423
f 2421//2421 2423//2423 2424//2424
f 2425//2425 2426//2426 2427//2427
f 2425//2425 2427//2427 2428//2428
f 2429//2429 2430//2430 2431//2431
f 2429//2429 2431//2431 2432//2432
f 2433//2433 2434//2434 2435//2435
f 2433//2433 2435//2435 2436//2436
f 2437//2437 2438//2438 2439//2439
f 2437//2437 2439//2439 2440//2440
f 2441//2441 2442//2442 2443//2443
f 2441//2441 2443//2443 2444//2444
f 2445//2445 2446//2446 2447//2447
f 2445//2445 2447//2447 2448//2448
f 2449//2449 2450//2450 2451//2451
f 2449//2449 2451//2451 2452//2452
f 2453//2453 2454//2454 2455//2455
f 2453//2453 2455//2455 2456//2456
f 2457//2457 2458//2458 2459//2459
f 2457//2457 2459//2459 2460//2460
f 2461//2461 2462//2462 2463//2463
f 2461//2461 2463//2463 2464//2464
f 2465//2465 2466//2466 2467//2467
f 2465//2465 2467//2467 2468//2468
f 2469//2469 2470//2470 2471//2471
f 2469//2469 2471//2471 2472//2472
f 2473//2473 2474//2474 2475//2475
f 2473//2473 2475//2475 2476//2476
f 2477//2477 2478//2478 2479//2479
f 2477//2477 2479//2479 2480//2480
f 2481//2481 2482//2482 2483//2483
f 2481//2481 2483//2483 2484//2484
f 2485//2485 2486//2486 2487//2487
f 2485//2485 2487//2487 2488//2488
f 2489//2489 2490//2490 2491//2491
f 2489//2489 2491//2491 2492//2492
f 2493//2493 2494//2494 2495//2495
f 2493//2493 2495//2495 2496//2496
f 2497//2497 2498//2498 2499//2499
f 2497//2497 2499//2499 2500//2500
f 2501//2501 2502//2502 2503//2503
f 2501//2501 2503//2503 2504//2504
f 2505//2505 2506//2506 2507//2507
f 2505//2505 2507//2507 2508//2508
f 2509//2509 2510//2510 2511//2511
f 2509//2509 2511//2511 2512//2512
f 2513//2513 2514//2514 2515//2515
f 2513//2513 2515//2515 2516//2516
f 2517//2517 2518//2518 2519//2519
f 2517//2517 2519//2519 2520//2520
f 2521//2521 2522//2522 2523//2523
f 2521//2521 2523//2523 2524//2524
f 2525//2525 2526//2526 2527//2527
f 2525//2525 2527//2527 2528//2528
f 2529//2529 2530//2530 2531//2531
f 2529//2529 2531//2531 2532//2532
f 2533//2533 2534//2534 2535//2535
f 2533//2533 2535//2535 2536//2536
f 2537//2537 2538//2538 2539//2539
f 2537//2537 2539//2539 2540//2540
f 2541//2541 2542//2542 2543//2543
f 2541//2541 2543//2543 2544//2544
f 2545//2545 2546//2546 2547//2547
f 2545//2545 2547//2547 2548//2548
f 2549//2549 2550//2550 2551//2551
f 2549//2549 2551//2551 2552//2552
f 2553//2553 2554//2554 2555//2555
f 2553//2553 2555//2555 2556//2556
f 2557//2557 2558//2558 2559//2559
f 2557//2557 2559//2559 2560//2560
f 2561//2561 2562//2562 2563//2563
f 2561//2561 2563//2563 2564//2564
f 2565//2565 2566//2566 2567//2567
f 2565//2565 2567//2567 2568//2568
f 2569//2569 2570//2570 2571//2571
f 2569//2569 2571//2571 2572//2572
f 2573//2573 2574//2574 2575//2575
f 2573//2573 2575//2575 2576//2576
f 2577//2577 2578//2578 2579//2579
f 2577//2577 2579//2579 2580//2580
f 2581//2581 2582//2582 2583//2583
f 2581//2581 2583//2583 2584//2584
f 2585//2585 2586//2586 2587//2587
f 2585//2585 2587//2587 2588//2588
f 2589//2589 2590//2590 2591//2591
f 2589//2589 2591//2591 2592//2592
f 2593//2593 2594//2594 2595//2595
f 2593//2593 2595//2595 2596//2596
f 2597//2597 2598//2598 2599//2599
f 2597//2597 2599//2599 2600//2600
f 2601//2601 2602//2602 2603//2603
f 2601//2601 2603//2603 2604//2604
f 2605//2605 2606//2606 2607//2607
f 2605//2605 2607//2607 2608//2608
f 2609//2609 2610//2610 2611//2611
f 2609//2609 2611//2611 2612//2612
f 2613//2613 2614//2614 2615//2615
f 2613//2613 2615//2615 2616//2616
f 2617//2617 2618//2618 2619//2619
f 2617//2617 2619//2619 2620//2620
f 2621//2621 2622//2622 2623//2623
f 2621//2621 2623//2623 2624//2624
f 2625//2625 2626//2626 2627//2627
f 2625//2625 2627//2627 2628//2628
f 2629//2629 2630//2630 2631//2631
f 2629//2629 2631//2631 2632//2632
f 2633//2633 2634//2634 2635//2635
f 2633//2633 2635//2635 2636//2636
f 2637//2637 2638//2638 2639//2639
f 2637//2637 2639//2639 2640//2640
f 2641//2641 2642//2642 2643//2643
f 2641//2641 2643//2643 2644//2644
f 2645//2645 2646//2646 2647//2647
f 2645//2645 2647//2647 2648//2648
f 2649//2649 2650//2650 2651//2651
f 2649//2649 2651//2651 2652//2652
f 2653//2653 2654//2654 2655//2655
f 2653//2653 2655//2655 2656//2656
f 2657//2657 2658//2658 2659//2659
f 2657//2657 2659//2659 2660//2660
f 2661//2661 2662//2662 2663//2663
f 2661//2661 2663//2663 2664//2664

usemtl ralle_chrome
f 1//1 55//55 89//89
f 1//1 54//54 53//53
f 38//38 37//37 36//36
f 36//36 35//35 34//34
f 34//34 33//33 32//32
f 32//32 31//31 30//30
f 30//30 29//29 28//28
f 27//27 26//26 25//25
f 25//25 24//24 23//23
f 23//23 22//22 21//21
f 21//21 20//20 19//19
f 19//19 18//18 17//17
f 17//17 16//16 15//15
f 15//15 14//14 13//13
f 13//13 12//12 11//11
f 11//11 10//10 9//9
f 9//9 8//8 7//7
f 7//7 6//6 5//5
f 5//5 4//4 3//3
f 2//2 1//1 89//89
f 55//55 1//1 53//53
f 39//39 38//38 36//36
f 36//36 34//34 32//32
f 32//32 30//30 28//28
f 27//27 25//25 23//23
f 23//23 21//21 19//19
f 19//19 17//17 15//15
f 15//15 13//13 11//11
f 11//11 9//9 7//7
f 7//7 5//5 3//3
f 3//3 2//2 89//89
f 56//56 55//55 53//53
f 40//40 39//39 36//36
f 36//36 32//32 28//28
f 27//27 23//23 19//19
f 19//19 15//15 11//11
f 11//11 7//7 3//3
f 3//3 89//89 88//88
f 57//57 56//56 53//53
f 41//41 40//40 36//36
f 36//36 28//28 27//27
f 19//19 11//11 3//3
f 3//3 88//88 87//87
f 58//58 57//57 53//53
f 42//42 41//41 36//36
f 3//3 87//87 86//86
f 59//59 58//58 53//53
f 43//43 42//42 36//36
f 3//3 86//86 85//85
f 60//60 59//59 53//53
f 44//44 43//43 36//36
f 3//3 85//85 84//84
f 61//61 60//60 53//53
f 45//45 44//44 36//36
f 3//3 84//84 83//83
f 62//62 61//61 53//53
f 46//46 45//45 36//36
f 3//3 83//83 82//82
f 63//63 62//62 53//53
f 47//47 46//46 36//36
f 3//3 82//82 81//81
f 64//64 63//63 53//53
f 47//47 36//36 27//27
f 3//3 81//81 80//80
f 65//65 64//64 53//53
f 48//48 47//47 27//27
f 3//3 80//80 79//79
f 65//65 53//53 52//52
f 49//49 48//48 27//27
f 19//19 3//3 79//79
f 65//65 52//52 51//51
f 50//50 49//49 27//27
f 19//19 79//79 78//78
f 66//66 65//65 51//51
f 51//51 50//50 27//27
f 19//19 78//78 77//77
f 66//66 51//51 27//27
f 19//19 77//77 76//76
f 67//67 66//66 27//27
f 19//19 76//76 75//75
f 68//68 67//67 27//27
f 19//19 75//75 74//74
f 69//69 68//68 27//27
f 19//19 74//74 73//73
f 70//70 69//69 27//27
f 19//19 73//73 72//72
f 70//70 27//27 19//19
f 19//19 72//72 71//71
f 71//71 70//70 19//19
f 90//90 178//178 144//144
f 90//90 142//142 143//143
f 127//127 125//125 126//126
f 125//125 123//123 124//124
f 123//123 121//121 122//122
f 121//121 119//119 120//120
f 119//119 117//117 118//118
f 116//116 114//114 115//115
f 114//114 112//112 113//113
f 112//112 110//110 111//111
f 110//110 108//108 109//109
f 108//108 106//106 107//107
f 106//106 104//104 105//105
f 104//104 102//102 103//103
f 102//102 100//100 101//101
f 100//100 98//98 99//99
f 98//98 96//96 97//97
f 96//96 94//94 95//95
f 94//94 92//92 93//93
f 91//91 178//178 90//90
f 144//144 142//142 90//90
f 128//128 125//125 127//127
f 125//125 121//121 123//123
f 121//121 117//117 119//119
f 116//116 112//112 114//114
f 112//112 108//108 110//110
f 108//108 104//104 106//106
f 104//104 100//100 102//102
f 100//100 96//96 98//98
f 96//96 92//92 94//94
f 92//92 178//178 91//91
f 145//145 142//142 144//144
f 129//129 125//125 128//128
f 125//125 117//117 121//121
f 116//116 108//108 112//112
f 108//108 100//100 104//104
f 100//100 92//92 96//96
f 92//92 177//177 178//178
f 146//146 142//142 145//145
f 130//130 125//125 129//129
f 125//125 116//116 117//117
f 108//108 92//92 100//100
f 92//92 176//176 177//177
f 147//147 142//142 146//146
f 131//131 125//125 130//130
f 92//92 175//175 176//176
f 148//148 142//142 147//147
f 132//132 125//125 131//131
f 92//92 174//174 175//175
f 149//149 142//142 148//148
f 133//133 125//125 132//132
f 92//92 173//173 174//174
f 150//150 142//142 149//149
f 134//134 125//125 133//133
f 92//92 172//172 173//173
f 151//151 142//142 150//150
f 135//135 125//125 134//134
f 92//92 171//171 172//172
f 152//152 142//142 151//151
f 136//136 125//125 135//135
f 92//92 170//170 171//171
f 153//153 142//142 152//152
f 136//136 116//116 125//125
f 92//92 169//169 170//170
f 154//154 142//142 153//153
f 137//137 116//116 136//136
f 92//92 168//168 169//169
f 154//154 141//141 142//142
f 138//138 116//116 137//137
f 108//108 168//168 92//92
f 154//154 140//140 141//141
f 139//139 116//116 138//138
f 108//108 167//167 168//168
f 155//155 140//140 154//154
f 140//140 116//116 139//139
f 108//108 166//166 167//167
f 155//155 116//116 140//140
f 108//108 165//165 166//166
f 156//156 116//116 155//155
f 108//108 164//164 165//165
f 157//157 116//116 156//156
f 108//108 163//163 164//164
f 158//158 116//116 157//157
f 108//108 162//162 163//163
f 159//159 116//116 158//158
f 108//108 161//161 162//162
f 159//159 108//108 116//116
f 108//108 160//160 161//161
f 160//160 108//108 159//159
f 648//648 751//751 790//790
f 752//752 751//751 648//648
f 648//648 647//647 646//646
f 646//646 645//645 644//644
f 644//644 643//643 642//642
f 642//642 641//641 640//640
f 640//640 639//639 638//638
f 638//638 637//637 636//636
f 636//636 635//635 634//634
f 634//634 633//633 632//632
f 632//632 631//631 630//630
f 630//630 629//629 628//628
f 628//628 627//627 626//626
f 626//626 625//625 624//624
f 624//624 623//623 622//622
f 622//622 621//621 620//620
f 620//620 619//619 618//618
f 618//618 617//617 616//616
f 616//616 615//615 614//614
f 614//614 613//613 612//612
f 612//612 611//611 610//610
f 610//610 609//609 608//608
f 608//608 607//607 606//606
f 606//606 605//605 604//604
f 604//604 603//603 602//602
f 602//602 601//601 600//600
f 600//600 599//599 598//598
f 598//598 597//597 596//596
f 596//596 595//595 594//594
f 594//594 593//593 592//592
f 592//592 591//591 590//590
f 590//590 589//589 588//588
f 588//588 587//587 586//586
f 586//586 585//585 584//584
f 584//584 583//583 582//582
f 582//582 581//581 580//580
f 580//580 579//579 578//578
f 578//578 577//577 576//576
f 576//576 575//575 574//574
f 574//574 573//573 572//572
f 572//572 571//571 570//570
f 570//570 569//569 568//568
f 568//568 567//567 566//566
f 566//566 565//565 564//564
f 564//564 563//563 562//562
f 562//562 561//561 560//560
f 560//560 559//559 558//558
f 558//558 557//557 556//556
f 556//556 555//555 554//554
f 554//554 553//553 552//552
f 552//552 551//551 550//550
f 550//550 549//549 548//548
f 548//548 547//547 546//546
f 546//546 545//545 544//544
f 544//544 543//543 542//542
f 542//542 541//541 540//540
f 540//540 539//539 538//538
f 538//538 537//537 536//536
f 536//536 535//535 750//750
f 675//675 674//674 673//673
f 672//672 671//671 670//670
f 670//670 669//669 668//668
f 668//668 667//667 666//666
f 666//666 665//665 664//664
f 664//664 663//663 662//662
f 662//662 661//661 660//660
f 660//660 659//659 658//658
f 658//658 657//657 656//656
f 656//656 655//655 654//654
f 654//654 653//653 652//652
f 652//652 651//651 650//650
f 650//650 649//649 648//648
f 648//648 790//790 789//789
f 753//753 752//752 648//648
f 648//648 646//646 644//644
f 644//644 642//642 640//640
f 640//640 638//638 636//636
f 636//636 634//634 632//632
f 632//632 630//630 628//628
f 628//628 626//626 624//624
f 624//624 622//622 620//620
f 620//620 618//618 616//616
f 616//616 614//614 612//612
f 612//612 610//610 608//608
f 608//608 606//606 604//604
f 604//604 602//602 600//600
f 600//600 598//598 596//596
f 596//596 594//594 592//592
f 592//592 590//590 588//588
f 588//588 586//586 584//584
f 584//584 582//582 580//580
f 580//580 578//578 576//576
f 576//576 574//574 572//572
f 572//572 570//570 568//568
f 568//568 566//566 564//564
f 564//564 562//562 560//560
f 560//560 558//558 556//556
f 556//556 554//554 552//552
f 552//552 550//550 548//548
f 548//548 546//546 544//544
f 544//544 542//542 540//540
f 540//540 538//538 536//536
f 536//536 750//750 749//749
f 676//676 675//675 673//673
f 672//672 670//670 668//668
f 668//668 666//666 664//664
f 664//664 662//662 660//660
f 660//660 658//658 656//656
f 656//656 654//654 652//652
f 652//652 650//650 648//648
f 648//648 789//789 788//788
f 754//754 753//753 648//648
f 648//648 644//644 640//640
f 640//640 636//636 632//632
f 632//632 628//628 624//624
f 624//624 620//620 616//616
f 616//616 612//612 608//608
f 608//608 604//604 600//600
f 600//600 596//596 592//592
f 592//592 588//588 584//584
f 584//584 580//580 576//576
f 576//576 572//572 568//568
f 568//568 564//564 560//560
f 560//560 556//556 552//552
f 552//552 548//548 544//544
f 544//544 540//540 536//536
f 536//536 749//749 748//748
f 677//677 676//676 673//673
f 672//672 668//668 664//664
f 664//664 660//660 656//656
f 656//656 652//652 648//648
f 648//648 788//788 787//787
f 755//755 754//754 648//648
f 632//632 624//624 616//616
f 600//600 592//592 584//584
f 568//568 560//560 552//552
f 552//552 544//544 536//536
f 536//536 748//748 747//747
f 678//678 677//677 673//673
f 672//672 664//664 656//656
f 656//656 648//648 787//787
f 756//756 755//755 648//648
f 552//552 536//536 747//747
f 679//679 678//678 673//673
f 656//656 787//787 786//786
f 757//757 756//756 648//648
f 552//552 747//747 746//746
f 679//679 673//673 672//672
f 656//656 786//786 785//785
f 757//757 648//648 640//640
f 552//552 746//746 745//745
f 680//680 679//679 672//672
f 656//656 785//785 784//784
f 758//758 757//757 640//640
f 552//552 745//745 744//744
f 656//656 784//784 783//783
f 759//759 758//758 640//640
f 552//552 744//744 743//743
f 656//656 783//783 782//782
f 760//760 759//759 640//640
f 552//552 743//743 742//742
f 656//656 782//782 781//781
f 760//760 640//640 632//632
f 552//552 742//742 741//741
f 656//656 781//781 780//780
f 761//761 760//760 632//632
f 552//552 741//741 740//740
f 672//672 656//656 780//780
f 762//762 761//761 632//632
f 552//552 740//740 739//739
f 672//672 780//780 779//779
f 763//763 762//762 632//632
f 568//568 552//552 739//739
f 672//672 779//779 778//778
f 764//764 763//763 632//632
f 568//568 739//739 738//738
f 672//672 778//778 777//777
f 765//765 764//764 632//632
f 568//568 738//738 737//737
f 672//672 777//777 776//776
f 766//766 765//765 632//632
f 568//568 737//737 736//736
f 672//672 776//776 775//775
f 767//767 766//766 632//632
f 568//568 736//736 735//735
f 672//672 775//775 774//774
f 768//768 767//767 632//632
f 568//568 735//735 734//734
f 672//672 774//774 773//773
f 769//769 768//768 632//632
f 576//576 568//568 734//734
f 680//680 672//672 773//773
f 576//576 734//734 733//733
f 680//680 773//773 772//772
f 576//576 733//733 732//732
f 680//680 772//772 771//771
f 576//576 732//732 731//731
f 680//680 771//771 770//770
f 576//576 731//731 730//730
f 680//680 770//770 769//769
f 584//584 576//576 730//730
f 681//681 680//680 769//769
f 584//584 730//730 729//729
f 681//681 769//769 632//632
f 584//584 729//729 728//728
f 682//682 681//681 632//632
f 584//584 728//728 727//727
f 683//683 682//682 632//632
f 584//584 727//727 726//726
f 684//684 683//683 632//632
f 584//584 726//726 725//725
f 684//684 632//632 616//616
f 584//584 725//725 724//724
f 685//685 684//684 616//616
f 584//584 724//724 723//723
f 686//686 685//685 616//616
f 584//584 723//723 722//722
f 687//687 686//686 616//616
f 584//584 722//722 721//721
f 688//688 687//687 616//616
f 584//584 721//721 720//720
f 689//689 688//688 616//616
f 584//584 720//720 719//719
f 690//690 689//689 616//616
f 584//584 719//719 718//718
f 691//691 690//690 616//616
f 584//584 718//718 717//717
f 692//692 691//691 616//616
f 584//584 717//717 716//716
f 693//693 692//692 616//616
f 584//584 716//716 715//715
f 694//694 693//693 616//616
f 584//584 715//715 714//714
f 695//695 694//694 616//616
f 600//600 584//584 714//714
f 696//696 695//695 616//616
f 600//600 714//714 713//713
f 696//696 616//616 608//608
f 600//600 713//713 712//712
f 697//697 696//696 608//608
f 600//600 712//712 711//711
f 698//698 697//697 608//608
f 600//600 711//711 710//710
f 699//699 698//698 608//608
f 600//600 710//710 709//709
f 700//700 699//699 608//608
f 600//600 709//709 708//708
f 701//701 700//700 608//608
f 600//600 708//708 707//707
f 702//702 701//701 608//608
f 600//600 707//707 706//706
f 702//702 608//608 600//600
f 600//600 706//706 705//705
f 703//703 702//702 600//600
f 600//600 705//705 704//704
f 704//704 703//703 600//600
f 904//904 1046//1046 1007//1007
f 1008//1008 904//904 1007//1007
f 904//904 902//902 903//903
f 902//902 900//900 901//901
f 900//900 898//898 899//899
f 898//898 896//896 897//897
f 896//896 894//894 895//895
f 894//894 892//892 893//893
f 892//892 890//890 891//891
f 890//890 888//888 889//889
f 888//888 886//886 887//887
f 886//886 884//884 885//885
f 884//884 882//882 883//883
f 882//882 880//880 881//881
f 880//880 878//878 879//879
f 878//878 876//876 877//877
f 876//876 874//874 875//875
f 874//874 872//872 873//873
f 872//872 870//870 871//871
f 870//870 868//868 869//869
f 868//868 866//866 867//867
f 866//866 864//864 865//865
f 864//864 862//862 863//863
f 862//862 860//860 861//861
f 860//860 858//858 859//859
f 858//858 856//856 857//857
f 856//856 854//854 855//855
f 854//854 852//852 853//853
f 852//852 850//850 851//851
f 850//850 848//848 849//849
f 848//848 846//846 847//847
f 846//846 844//844 845//845
f 844//844 842//842 843//843
f 842//842 840//840 841//841
f 840//840 838//838 839//839
f 838//838 836//836 837//837
f 836//836 834//834 835//835
f 834//834 832//832 833//833
f 832//832 830//830 831//831
f 830//830 828//828 829//829
f 828//828 826//826 827//827
f 826//826 824//824 825//825
f 824//824 822//822 823//823
f 822//822 820//820 821//821
f 820//820 818//818 819//819
f 818//818 816//816 817//817
f 816//816 814//814 815//815
f 814//814 812//812 813//813
f 812//812 810//810 811//811
f 810//810 808//808 809//809
f 808//808 806//806 807//807
f 806//806 804//804 805//805
f 804//804 802//802 803//803
f 802//802 800//800 801//801
f 800//800 798//798 799//799
f 798//798 796//796 797//797
f 796//796 794//794 795//795
f 794//794 792//792 793//793
f 792//792 1006//1006 791//791
f 931//931 929//929 930//930
f 928//928 926//926 927//927
f 926//926 924//924 925//925
f 924//924 922//922 923//923
f 922//922 920//920 921//921
f 920//920 918//918 919//919
f 918//918 916//916 917//917
f 916//916 914//914 915//915
f 914//914 912//912 913//913
f 912//912 910//910 911//911
f 910//910 908//908 909//909
f 908//908 906//906 907//907
f 906//906 904//904 905//905
f 904//904 1045//1045 1046//1046
f 1009//1009 904//904 1008//1008
f 904//904 900//900 902//902
f 900//900 896//896 898//898
f 896//896 892//892 894//894
f 892//892 888//888 890//890
f 888//888 884//884 886//886
f 884//884 880//880 882//882
f 880//880 876//876 878//878
f 876//876 872//872 874//874
f 872//872 868//868 870//870
f 868//868 864//864 866//866
f 864//864 860//860 862//862
f 860//860 856//856 858//858
f 856//856 852//852 854//854
f 852//852 848//848 850//850
f 848//848 844//844 846//846
f 844//844 840//840 842//842
f 840//840 836//836 838//838
f 836//836 832//832 834//834
f 832//832 828//828 830//830
f 828//828 824//824 826//826
f 824//824 820//820 822//822
f 820//820 816//816 818//818
f 816//816 812//812 814//814
f 812//812 808//808 810//810
f 808//808 804//804 806//806
f 804//804 800//800 802//802
f 800//800 796//796 798//798
f 796//796 792//792 794//794
f 792//792 1005//1005 1006//1006
f 932//932 929//929 931//931
f 928//928 924//924 926//926
f 924//924 920//920 922//922
f 920//920 916//916 918//918
f 916//916 912//912 914//914
f 912//912 908//908 910//910
f 908//908 904//904 906//906
f 904//904 1044//1044 1045//1045
f 1010//1010 904//904 1009//1009
f 904//904 896//896 900//900
f 896//896 888//888 892//892
f 888//888 880//880 884//884
f 880//880 872//872 876//876
f 872//872 864//864 868//868
f 864//864 856//856 860//860
f 856//856 848//848 852//852
f 848//848 840//840 844//844
f 840//840 832//832 836//836
f 832//832 824//824 828//828
f 824//824 816//816 820//820
f 816//816 808//808 812//812
f 808//808 800//800 804//804
f 800//800 792//792 796//796
f 792//792 1004//1004 1005//1005
f 933//933 929//929 932//932
f 928//928 920//920 924//924
f 920//920 912//912 916//916
f 912//912 904//904 908//908
f 904//904 1043//1043 1044//1044
f 1011//1011 904//904 1010//1010
f 888//888 872//872 880//880
f 856//856 840//840 848//848
f 824//824 808//808 816//816
f 808//808 792//792 800//800
f 792//792 1003//1003 1004//1004
f 934//934 929//929 933//933
f 928//928 912//912 920//920
f 912//912 1043//1043 904//904
f 1012//1012 904//904 1011//1011
f 808//808 1003//1003 792//792
f 935//935 929//929 934//934
f 912//912 1042//1042 1043//1043
f 1013//1013 904//904 1012//1012
f 808//808 1002//1002 1003//1003
f 935//935 928//928 929//929
f 912//912 1041//1041 1042//1042
f 1013//1013 896//896 904//904
f 808//808 1001//1001 1002//1002
f 936//936 928//928 935//935
f 912//912 1040//1040 1041//1041
f 1014//1014 896//896 1013//1013
f 808//808 1000//1000 1001//1001
f 912//912 1039//1039 1040//1040
f 1015//1015 896//896 1014//1014
f 808//808 999//999 1000//1000
f 912//912 1038//1038 1039//1039
f 1016//1016 896//896 1015//1015
f 808//808 998//998 999//999
f 912//912 1037//1037 1038//1038
f 1016//1016 888//888 896//896
f 808//808 997//997 998//998
f 912//912 1036//1036 1037//1037
f 1017//1017 888//888 1016//1016
f 808//808 996//996 997//997
f 928//928 1036//1036 912//912
f 1018//1018 888//888 1017//1017
f 808//808 995//995 996//996
f 928//928 1035//1035 1036//1036
f 1019//1019 888//888 1018//1018
f 824//824 995//995 808//808
f 928//928 1034//1034 1035//1035
f 1020//1020 888//888 1019//1019
f 824//824 994//994 995//995
f 928//928 1033//1033 1034//1034
f 1021//1021 888//888 1020//1020
f 824//824 993//993 994//994
f 928//928 1032//1032 1033//1033
f 1022//1022 888//888 1021//1021
f 824//824 992//992 993//993
f 928//928 1031//1031 1032//1032
f 1023//1023 888//888 1022//1022
f 824//824 991//991 992//992
f 928//928 1030//1030 1031//1031
f 1024//1024 888//888 1023//1023
f 824//824 990//990 991//991
f 928//928 1029//1029 1030//1030
f 1025//1025 888//888 1024//1024
f 832//832 990//990 824//824
f 936//936 1029//1029 928//928
f 832//832 989//989 990//990
f 936//936 1028//1028 1029//1029
f 832//832 988//988 989//989
f 936//936 1027//1027 1028//1028
f 832//832 987//987 988//988
f 936//936 1026//1026 1027//1027
f 832//832 986//986 987//987
f 936//936 1025//1025 1026//1026
f 840//840 986//986 832//832
f 937//937 1025//1025 936//936
f 840//840 985//985 986//986
f 937//937 888//888 1025//1025
f 840//840 984//984 985//985
f 938//938 888//888 937//937
f 840//840 983//983 984//984
f 939//939 888//888 938//938
f 840//840 982//982 983//983
f 940//940 888//888 939//939
f 840//840 981//981 982//982
f 940//940 872//872 888//888
f 840//840 980//980 981//981
f 941//941 872//872 940//940
f 840//840 979//979 980//980
f 942//942 872//872 941//941
f 840//840 978//978 979//979
f 943//943 872//872 942//942
f 840//840 977//977 978//978
f 944//944 872//872 943//943
f 840//840 976//976 977//977
f 945//945 872//872 944//944
f 840//840 975//975 976//976
f 946//946 872//872 945//945
f 840//840 974//974 975//975
f 947//947 872//872 946//946
f 840//840 973//973 974//974
f 948//948 872//872 947//947
f 840//840 972//972 973//973
f 949//949 872//872 948//948
f 840//840 971//971 972//972
f 950//950 872//872 949//949
f 840//840 970//970 971//971
f 951//951 872//872 950//950
f 856//856 970//970 840//840
f 952//952 872//872 951//951
f 856//856 969//969 970//970
f 952//952 864//864 872//872
f 856//856 968//968 969//969
f 953//953 864//864 952//952
f 856//856 967//967 968//968
f 954//954 864//864 953//953
f 856//856 966//966 967//967
f 955//955 864//864 954//954
f 856//856 965//965 966//966
f 956//956 864//864 955//955
f 856//856 964//964 965//965
f 957//957 864//864 956//956
f 856//856 963//963 964//964
f 958//958 864//864 957//957
f 856//856 962//962 963//963
f 958//958 856//856 864//864
f 856//856 961//961 962//962
f 959//959 856//856 958//958
f 856//856 960//960 961//961
f 960//960 856//856 959//959
f 2072//2072 2071//2071 2074//2074
f 2074//2074 2073//2073 2072//2072
f 2076//2076 2078//2078 2075//2075
f 2078//2078 2076//2076 2077//2077
f 2096//2096 2095//2095 2098//2098
f 2098//2098 2097//2097 2096//2096
f 2100//2100 2102//2102 2099//2099
f 2102//2102 2100//2100 2101//2101
f 2145//2145 2209//2209 2208//2208
f 2193//2193 2209//2209 2145//2145
f 2145//2145 2144//2144 2143//2143
f 2143//2143 2142//2142 2141//2141
f 2141//2141 2140//2140 2139//2139
f 2139//2139 2138//2138 2137//2137
f 2137//2137 2136//2136 2135//2135
f 2135//2135 2134//2134 2133//2133
f 2133//2133 2132//2132 2131//2131
f 2131//2131 2130//2130 2129//2129
f 2129//2129 2128//2128 2127//2127
f 2127//2127 2126//2126 2125//2125
f 2125//2125 2124//2124 2123//2123
f 2123//2123 2122//2122 2121//2121
f 2121//2121 2120//2120 2119//2119
f 2177//2177 2176//2176 2175//2175
f 2175//2175 2174//2174 2173//2173
f 2173//2173 2172//2172 2171//2171
f 2171//2171 2170//2170 2169//2169
f 2169//2169 2168//2168 2167//2167
f 2167//2167 2166//2166 2165//2165
f 2165//2165 2164//2164 2163//2163
f 2163//2163 2162//2162 2161//2161
f 2161//2161 2160//2160 2159//2159
f 2159//2159 2158//2158 2157//2157
f 2157//2157 2156//2156 2155//2155
f 2155//2155 2154//2154 2153//2153
f 2153//2153 2152//2152 2151//2151
f 2151//2151 2150//2150 2149//2149
f 2149//2149 2148//2148 2147//2147
f 2147//2147 2146//2146 2145//2145
f 2145//2145 2208//2208 2207//2207
f 2193//2193 2145//2145 2143//2143
f 2143//2143 2141//2141 2139//2139
f 2139//2139 2137//2137 2135//2135
f 2135//2135 2133//2133 2131//2131
f 2131//2131 2129//2129 2127//2127
f 2127//2127 2125//2125 2123//2123
f 2123//2123 2121//2121 2119//2119
f 2177//2177 2175//2175 2173//2173
f 2173//2173 2171//2171 2169//2169
f 2169//2169 2167//2167 2165//2165
f 2165//2165 2163//2163 2161//2161
f 2161//2161 2159//2159 2157//2157
f 2157//2157 2155//2155 2153//2153
f 2153//2153 2151//2151 2149//2149
f 2149//2149 2147//2147 2145//2145
f 2145//2145 2207//2207 2206//2206
f 2143//2143 2139//2139 2135//2135
f 2135//2135 2131//2131 2127//2127
f 2127//2127 2123//2123 2119//2119
f 2173//2173 2169//2169 2165//2165
f 2165//2165 2161//2161 2157//2157
f 2157//2157 2153//2153 2149//2149
f 2149//2149 2145//2145 2206//2206
f 2143//2143 2135//2135 2127//2127
f 2127//2127 2119//2119 2192//2192
f 2173//2173 2165//2165 2157//2157
f 2157//2157 2149//2149 2206//2206
f 2127//2127 2192//2192 2191//2191
f 2157//2157 2206//2206 2205//2205
f 2127//2127 2191//2191 2190//2190
f 2157//2157 2205//2205 2204//2204
f 2127//2127 2190//2190 2189//2189
f 2157//2157 2204//2204 2203//2203
f 2127//2127 2189//2189 2188//2188
f 2157//2157 2203//2203 2202//2202
f 2127//2127 2188//2188 2187//2187
f 2157//2157 2202//2202 2201//2201
f 2127//2127 2187//2187 2186//2186
f 2157//2157 2201//2201 2200//2200
f 2127//2127 2186//2186 2185//2185
f 2157//2157 2200//2200 2199//2199
f 2127//2127 2185//2185 2184//2184
f 2173//2173 2157//2157 2199//2199
f 2127//2127 2184//2184 2183//2183
f 2173//2173 2199//2199 2198//2198
f 2127//2127 2183//2183 2182//2182
f 2173//2173 2198//2198 2197//2197
f 2143//2143 2127//2127 2182//2182
f 2173//2173 2197//2197 2196//2196
f 2143//2143 2182//2182 2181//2181
f 2173//2173 2196//2196 2195//2195
f 2143//2143 2181//2181 2180//2180
f 2173//2173 2195//2195 2194//2194
f 2143//2143 2180//2180 2179//2179
f 2173//2173 2194//2194 2193//2193
f 2143//2143 2179//2179 2178//2178
f 2177//2177 2173//2173 2193//2193
f 2143//2143 2178//2178 2177//2177
f 2177//2177 2193//2193 2143//2143
f 2236//2236 2299//2299 2300//2300
f 2284//2284 2236//2236 2300//2300
f 2236//2236 2234//2234 2235//2235
f 2234//2234 2232//2232 2233//2233
f 2232//2232 2230//2230 2231//2231
f 2230//2230 2228//2228 2229//2229
f 2228//2228 2226//2226 2227//2227
f 2226//2226 2224//2224 2225//2225
f 2224//2224 2222//2222 2223//2223
f 2222//2222 2220//2220 2221//2221
f 2220//2220 2218//2218 2219//2219
f 2218//2218 2216//2216 2217//2217
f 2216//2216 2214//2214 2215//2215
f 2214//2214 2212//2212 2213//2213
f 2212//2212 2210//2210 2211//2211
f 2268//2268 2266//2266 2267//2267
f 2266//2266 2264//2264 2265//2265
f 2264//2264 2262//2262 2263//2263
f 2262//2262 2260//2260 2261//2261
f 2260//2260 2258//2258 2259//2259
f 2258//2258 2256//2256 2257//2257
f 2256//2256 2254//2254 2255//2255
f 2254//2254 2252//2252 2253//2253
f 2252//2252 2250//2250 2251//2251
f 2250//2250 2248//2248 2249//2249
f 2248//2248 2246//2246 2247//2247
f 2246//2246 2244//2244 2245//2245
f 2244//2244 2242//2242 2243//2243
f 2242//2242 2240//2240 2241//2241
f 2240//2240 2238//2238 2239//2239
f 2238//2238 2236//2236 2237//2237
f 2236//2236 2298//2298 2299//2299
f 2284//2284 2234//2234 2236//2236
f 2234//2234 2230//2230 2232//2232
f 2230//2230 2226//2226 2228//2228
f 2226//2226 2222//2222 2224//2224
f 2222//2222 2218//2218 2220//2220
f 2218//2218 2214//2214 2216//2216
f 2214//2214 2210//2210 2212//2212
f 2268//2268 2264//2264 2266//2266
f 2264//2264 2260//2260 2262//2262
f 2260//2260 2256//2256 2258//2258
f 2256//2256 2252//2252 2254//2254
f 2252//2252 2248//2248 2250//2250
f 2248//2248 2244//2244 2246//2246
f 2244//2244 2240//2240 2242//2242
f 2240//2240 2236//2236 2238//2238
f 2236//2236 2297//2297 2298//2298
f 2234//2234 2226//2226 2230//2230
f 2226//2226 2218//2218 2222//2222
f 2218//2218 2210//2210 2214//2214
f 2264//2264 2256//2256 2260//2260
f 2256//2256 2248//2248 2252//2252
f 2248//2248 2240//2240 2244//2244
f 2240//2240 2297//2297 2236//2236
f 2234//2234 2218//2218 2226//2226
f 2218//2218 2283//2283 2210//2210
f 2264//2264 2248//2248 2256//2256
f 2248//2248 2297//2297 2240//2240
f 2218//2218 2282//2282 2283//2283
f 2248//2248 2296//2296 2297//2297
f 2218//2218 2281//2281 2282//2282
f 2248//2248 2295//2295 2296//2296
f 2218//2218 2280//2280 2281//2281
f 2248//2248 2294//2294 2295//2295
f 2218//2218 2279//2279 2280//2280
f 2248//2248 2293//2293 2294//2294
f 2218//2218 2278//2278 2279//2279
f 2248//2248 2292//2292 2293//2293
f 2218//2218 2277//2277 2278//2278
f 2248//2248 2291//2291 2292//2292
f 2218//2218 2276//2276 2277//2277
f 2248//2248 2290//2290 2291//2291
f 2218//2218 2275//2275 2276//2276
f 2264//2264 2290//2290 2248//2248
f 2218//2218 2274//2274 2275//2275
f 2264//2264 2289//2289 2290//2290
f 2218//2218 2273//2273 2274//2274
f 2264//2264 2288//2288 2289//2289
f 2234//2234 2273//2273 2218//2218
f 2264//2264 2287//2287 2288//2288
f 2234//2234 2272//2272 2273//2273
f 2264//2264 2286//2286 2287//2287
f 2234//2234 2271//2271 2272//2272
f 2264//2264 2285//2285 2286//2286
f 2234//2234 2270//2270 2271//2271
f 2264//2264 2284//2284 2285//2285
f 2234//2234 2269//2269 2270//2270
f 2268//2268 2284//2284 2264//2264
f 2234//2234 2268//2268 2269//2269
f 2268//2268 2234//2234 2284//2284

